code,id,first_name,second_name,element_type,team,team_code,total_points,minutes,goals_scored,assists,bonus,bps,cost_change_start,points_per_game,selected_by_percent,transfers_in,transfers_out,value_season,web_name,clean_sheets,final_cost,start_cost,season,team_name
154561,1,David,Raya Martín,GK,1,3,162,3330,0,0,11,633,0.7,4.4,36.4,4930540,3003061,26.1,Raya,19,6.2,5.5,2025,Arsenal
109745,2,Kepa,Arrizabalaga Revuelta,GK,1,3,2,90,0,0,0,11,-0.5,2.0,0.4,23561,79865,0.5,Arrizabalaga,0,4.0,4.5,2025,Arsenal
463748,3,Karl,Hein,GK,1,3,0,0,0,0,0,0,0.0,0.0,0.2,5545,48759,0.0,Hein,0,4.0,4.0,2025,Arsenal
551221,4,Tommy,Setford,GK,1,3,0,0,0,0,0,0,-0.1,0.0,0.2,34587,36016,0.0,Setford,0,3.9,4.0,2025,Arsenal
226597,5,Gabriel,dos Santos Magalhães,DEF,1,3,209,2750,3,5,30,724,1.3,6.5,45.4,9241680,6017049,28.6,Gabriel,18,7.3,6.0,2025,Arsenal
462424,6,William,Saliba,DEF,1,3,137,2614,1,0,12,581,0.3,4.4,17.1,2702830,2551293,21.7,Saliba,15,6.3,6.0,2025,Arsenal
466075,7,Riccardo,Calafiori,DEF,1,3,109,1697,1,2,6,389,0.1,4.2,6.0,2701773,2532675,19.5,Calafiori,13,5.6,5.5,2025,Arsenal
445122,8,Jurriën,Timber,DEF,1,3,149,2452,3,6,9,532,0.5,5.0,15.2,6784707,5670508,24.8,J.Timber,13,6.0,5.5,2025,Arsenal
440854,9,Jakub,Kiwior,DEF,1,3,0,0,0,0,0,0,-0.1,0.0,0.0,1119,10955,0.0,Kiwior,0,5.4,5.5,2025,Arsenal
499169,10,Myles,Lewis-Skelly,DEF,1,3,29,697,0,0,0,110,-0.5,1.4,1.9,216990,478401,5.8,Lewis-Skelly,2,5.0,5.5,2025,Arsenal
198869,11,Benjamin,White,DEF,1,3,45,699,0,1,3,181,-0.4,3.8,0.5,378865,434751,8.8,White,5,5.1,5.5,2025,Arsenal
563324,13,Brayden,Clarke,DEF,1,3,0,0,0,0,0,0,-0.3,0.0,0.5,65565,85106,0.0,Clarke,0,3.7,4.0,2025,Arsenal
588793,14,Maldini,Kacurri,DEF,1,3,0,0,0,0,0,0,-0.1,0.0,0.1,10218,22844,0.0,Kacurri,0,3.9,4.0,2025,Arsenal
499167,15,Josh,Nichols,DEF,1,3,0,0,0,0,0,0,-0.3,0.0,0.2,34995,35855,0.0,Nichols,0,3.7,4.0,2025,Arsenal
223340,16,Bukayo,Saka,MID,1,3,157,2218,7,10,18,570,0.0,5.1,11.6,5027975,5509494,15.7,Saka,12,10.0,10.0,2025,Arsenal
184029,17,Martin,Ødegaard,MID,1,3,74,1363,1,7,5,306,-0.2,3.1,1.7,409252,664528,9.5,Ødegaard,6,7.8,8.0,2025,Arsenal
248857,18,Noni,Madueke,MID,1,3,72,1205,3,1,9,254,-0.2,2.8,0.8,391478,439154,10.6,Madueke,8,6.8,7.0,2025,Arsenal
444145,19,Gabriel,Martinelli Silva,MID,1,3,57,1065,1,5,3,195,-0.2,1.9,0.9,203187,278367,8.4,Martinelli,2,6.8,7.0,2025,Arsenal
116216,20,Leandro,Trossard,MID,1,3,119,1997,6,6,11,445,-0.4,3.8,1.8,726467,554690,18.0,Trossard,11,6.6,7.0,2025,Arsenal
204480,21,Declan,Rice,MID,1,3,184,3093,4,9,23,790,0.7,5.1,23.3,7631940,5848117,25.6,Rice,18,7.2,6.5,2025,Arsenal
195384,22,Mikel,Merino Zazón,MID,1,3,67,1024,4,3,5,236,-0.7,3.0,0.7,836318,847590,12.6,Merino,4,5.3,6.0,2025,Arsenal
438098,23,Fábio,Ferreira Vieira,MID,1,3,0,0,0,0,0,0,-0.1,0.0,0.0,933,4447,0.0,Fábio Vieira,0,5.4,5.5,2025,Arsenal
128295,24,Christian,Nørgaard,MID,1,3,7,101,0,0,0,28,-0.4,1.0,0.1,8660,61962,1.4,Nørgaard,0,5.1,5.5,2025,Arsenal
499175,25,Ethan,Nwaneri,MID,1,3,8,165,0,0,0,20,-0.5,1.3,0.1,13149,37244,1.6,Nwaneri,1,5.0,5.5,2025,Arsenal
481655,26,Martín,Zubimendi Ibáñez,MID,1,3,133,2991,5,1,9,604,-0.6,3.5,2.7,1383151,1353576,27.1,Zubimendi,16,4.9,5.5,2025,Arsenal
588796,28,Ismeal,Kabia,MID,1,3,0,0,0,0,0,0,0.0,0.0,0.1,6731,30392,0.0,Kabia,0,4.5,4.5,2025,Arsenal
437742,29,Albert,Sambi Lokonga,MID,1,3,0,0,0,0,0,0,0.0,0.0,0.0,2952,14151,0.0,Sambi,0,4.5,4.5,2025,Arsenal
219847,30,Kai,Havertz,FWD,1,3,36,577,2,3,3,143,-0.2,3.0,0.7,197946,255689,4.9,Havertz,4,7.3,7.5,2025,Arsenal
205651,31,Gabriel,Fernando de Jesus,FWD,1,3,24,418,3,0,0,92,-0.1,1.7,0.4,156814,134920,3.8,G.Jesus,1,6.4,6.5,2025,Arsenal
232413,266,Eberechi,Eze,MID,1,3,113,1885,7,3,8,439,-0.2,3.4,8.7,3651571,3941829,15.5,Eze,11,7.3,7.5,2025,Arsenal
500040,662,Cristhian,Mosquera,DEF,1,3,40,986,0,0,1,195,-0.2,2.0,0.3,72218,57288,7.5,Mosquera,3,5.3,5.5,2025,Arsenal
224117,666,Viktor,Gyökeres,FWD,1,3,128,2217,14,1,16,474,0.1,3.6,16.4,4626668,5611221,14.1,Gyökeres,12,9.1,9.0,2025,Arsenal
616077,700,Max,Dowman,MID,1,3,16,152,1,1,0,51,-0.3,2.7,0.9,291075,193138,3.8,Dowman,1,4.2,4.5,2025,Arsenal
646243,711,Andre,Harriman-Annous,MID,1,3,0,0,0,0,0,0,-0.1,0.0,0.0,2098,1977,0.0,Harriman-Annous,0,4.4,4.5,2025,Arsenal
448104,725,Piero,Hincapié,DEF,1,3,87,1787,1,2,7,335,-0.4,3.5,0.9,625158,522735,17.1,Hincapie,5,5.1,5.5,2025,Arsenal
616065,759,Marli,Salmon,DEF,1,3,0,0,0,0,0,0,0.0,0.0,0.0,1910,1535,0.0,Salmon,0,4.0,4.0,2025,Arsenal
98980,32,Emiliano,Martínez Romero,GK,2,7,120,2835,0,1,11,530,0.0,3.8,4.4,1133258,844392,24.0,Martinez,7,5.0,5.0,2025,Aston Villa
72147,33,Marco,Bizot,GK,2,7,16,585,0,0,0,75,-0.3,2.3,0.4,85879,117979,3.8,M.Bizot,1,4.2,4.5,2025,Aston Villa
462492,34,Joe,Gauci,GK,2,7,0,0,0,0,0,0,0.0,0.0,0.1,0,17885,0.0,Gauci,0,4.0,4.0,2025,Aston Villa
462381,35,Filip,Marschall,GK,2,7,0,0,0,0,0,0,0.0,0.0,0.0,0,1303,0.0,Marschall,0,4.0,4.0,2025,Aston Villa
199796,36,Matty,Cash,DEF,2,7,117,3016,3,3,7,450,0.1,3.3,7.4,2994809,2459799,25.4,Cash,8,4.6,4.5,2025,Aston Villa
101188,37,Lucas,Digne,DEF,2,7,97,1842,0,7,5,381,0.0,3.1,1.5,355694,398719,21.6,Digne,7,4.5,4.5,2025,Aston Villa
199798,38,Ezri,Konsa Ngoyo,DEF,2,7,100,3035,0,1,3,497,-0.1,2.9,7.0,836516,2247010,22.7,Konsa,9,4.4,4.5,2025,Aston Villa
441302,39,Ian,Maatsen,DEF,2,7,54,1590,0,1,1,242,-0.3,1.8,0.5,89595,125987,12.9,Maatsen,2,4.2,4.5,2025,Aston Villa
149484,40,Tyrone,Mings,DEF,2,7,50,1322,0,1,4,169,-0.2,2.9,0.6,161621,216139,11.6,Mings,3,4.3,4.5,2025,Aston Villa
244954,41,Pau,Torres,DEF,2,7,64,1673,0,2,2,280,-0.2,3.0,0.3,75312,101789,14.9,Pau,5,4.3,4.5,2025,Aston Villa
606798,42,Andrés,García,DEF,2,7,5,83,0,0,0,12,-0.1,0.8,0.2,30457,43192,1.3,A.García,0,3.9,4.0,2025,Aston Villa
106468,43,Álex,Moreno Lopera,DEF,2,7,0,0,0,0,0,0,0.0,0.0,1.5,44476,893174,0.0,Alex Moreno,0,4.0,4.0,2025,Aston Villa
515597,44,Lamare,Bogarde,DEF,2,7,40,1042,0,0,4,121,0.0,1.4,0.5,114072,100401,10.0,Bogarde,2,4.0,4.0,2025,Aston Villa
514315,45,Lino,da Cruz Sousa,DEF,2,7,0,0,0,0,0,0,-0.2,0.0,0.2,22076,40217,0.0,Sousa,0,3.8,4.0,2025,Aston Villa
587178,46,Yasin,Özcan,DEF,2,7,0,0,0,0,0,0,0.0,0.0,0.1,4656,21237,0.0,Yasin,0,4.0,4.0,2025,Aston Villa
244850,47,Morgan,Rogers,MID,2,7,169,3280,10,8,17,605,0.3,4.6,20.2,6873325,5463430,23.2,Rogers,9,7.3,7.0,2025,Aston Villa
166989,48,Youri,Tielemans,MID,2,7,68,1857,0,4,3,417,-0.1,2.7,0.7,171924,356117,11.5,Tielemans,4,5.9,6.0,2025,Aston Villa
215711,49,Leon,Bailey,MID,2,7,21,450,0,2,0,69,0.0,1.6,0.1,10030,52941,3.8,Bailey,0,5.5,5.5,2025,Aston Villa
195546,50,Emiliano,Buendía Stati,MID,2,7,102,1753,6,2,10,382,-0.2,2.8,0.4,238478,218449,19.2,Buendía,3,5.3,5.5,2025,Aston Villa
469247,51,Samuel,Iling-Junior,MID,2,7,0,0,0,0,0,0,0.0,0.0,0.0,1383,3814,0.0,Iling Jr,0,5.5,5.5,2025,Aston Villa
204646,53,Donyell,Malen,MID,2,7,55,640,4,2,3,161,-0.4,2.6,0.4,172896,340842,10.8,Malen,1,5.1,5.5,2025,Aston Villa
122806,54,John,McGinn,MID,2,7,103,2136,5,4,6,443,-0.2,3.4,0.7,266912,274130,19.4,McGinn,8,5.3,5.5,2025,Aston Villa
88894,55,Ross,Barkley,MID,2,7,56,844,3,2,5,221,-0.2,2.7,0.1,17174,18618,11.7,Barkley,1,4.8,5.0,2025,Aston Villa
491287,56,Enzo,Barrenechea,MID,2,7,0,0,0,0,0,0,0.0,0.0,0.0,0,36,0.0,Barrenechea,0,5.0,5.0,2025,Aston Villa
461421,57,Lewis,Dobbin,MID,2,7,0,0,0,0,0,0,0.0,0.0,0.0,889,5455,0.0,Dobbin,0,5.0,5.0,2025,Aston Villa
226944,58,Boubacar,Kamara,MID,2,7,61,1410,1,3,7,282,-0.1,3.4,0.2,111587,121485,12.4,Kamara,5,4.9,5.0,2025,Aston Villa
449871,59,Amadou,Onana,MID,2,7,76,1755,2,0,4,353,-0.2,3.0,0.6,168465,295144,15.8,Onana,6,4.8,5.0,2025,Aston Villa
577731,60,Ben,Broggio,MID,2,7,0,0,0,0,0,0,-0.1,0.0,0.2,38290,52801,0.0,Broggio,0,4.4,4.5,2025,Aston Villa
151589,61,Leander,Dendoncker,MID,2,7,0,0,0,0,0,0,0.0,0.0,0.1,2169,33857,0.0,Dendoncker,0,4.5,4.5,2025,Aston Villa
559962,62,Jamaldeen,Jimoh-Aloba,MID,2,7,1,8,0,0,0,3,0.0,1.0,0.1,8790,11047,0.2,Jimoh-Aloba,0,4.5,4.5,2025,Aston Villa
537403,63,Kadan,Young,MID,2,7,0,0,0,0,0,0,-0.2,0.0,0.5,102090,135893,0.0,Young,0,4.3,4.5,2025,Aston Villa
178301,64,Ollie,Watkins,FWD,2,7,167,2833,16,4,26,623,-0.3,4.5,13.0,3761213,5154207,19.2,Watkins,9,8.7,9.0,2025,Aston Villa
576756,65,Zépiqueno,Redmond,FWD,2,7,0,0,0,0,0,0,0.0,0.0,0.3,17574,85482,0.0,Redmond,0,4.5,4.5,2025,Aston Villa
444884,389,Harvey,Elliott,MID,2,7,5,110,0,0,0,17,-0.4,1.0,0.2,95040,104382,1.0,Elliott,0,5.1,5.5,2025,Aston Villa
209243,456,Jadon,Sancho,MID,2,7,37,863,0,2,0,141,-0.2,1.6,0.2,53465,56572,6.4,Sancho,2,5.8,6.0,2025,Aston Villa
481283,688,James,Wright,GK,2,7,0,0,0,0,0,0,-0.1,0.0,0.6,62596,48936,0.0,Wright,0,3.9,4.0,2025,Aston Villa
230046,699,Douglas Luiz,Soares de Paulo,MID,2,7,35,913,1,1,0,220,-0.1,1.7,0.1,29269,25967,7.1,Douglas Luiz,1,4.9,5.0,2025,Aston Villa
569577,701,Triston,Rowe,DEF,2,7,0,0,0,0,0,0,0.0,0.0,0.1,8943,10853,0.0,Rowe,0,4.0,4.0,2025,Aston Villa
645618,702,Bradley,Burrowes,MID,2,7,1,16,0,0,0,3,-0.2,1.0,0.1,20893,12404,0.2,Burrowes,0,4.3,4.5,2025,Aston Villa
564505,703,Sam,Proctor,GK,2,7,0,0,0,0,0,0,-0.1,0.0,0.6,95367,52276,0.0,Proctor,0,3.9,4.0,2025,Aston Villa
534836,710,Travis,Patterson,DEF,2,7,0,0,0,0,0,0,-0.1,0.0,0.2,34014,24439,0.0,Patterson,0,3.9,4.0,2025,Aston Villa
184667,719,Victor,Lindelöf,DEF,2,7,29,942,0,1,0,124,0.0,1.7,0.1,22854,16638,6.4,Lindelöf,1,4.5,4.5,2025,Aston Villa
577285,754,George,Hemmings,MID,2,7,2,25,0,0,0,5,0.0,1.0,0.0,1438,920,0.4,George Hemmings,0,4.5,4.5,2025,Aston Villa
516875,757,Ronnie,Hollingshead,GK,2,7,0,0,0,0,0,0,0.0,0.0,0.0,1543,1132,0.0,Hollingshead,0,4.0,4.0,2025,Aston Villa
664015,768,Leon,Routh,DEF,2,7,0,0,0,0,0,0,0.0,0.0,0.0,852,816,0.0,Leon Routh,0,4.0,4.0,2025,Aston Villa
618027,781,TJ,Carroll,DEF,2,7,0,0,0,0,0,0,0.0,0.0,0.0,1057,727,0.0,Carroll,0,4.0,4.0,2025,Aston Villa
653481,792,Alysson Edward Franco,da Rocha dos Santos,MID,2,7,3,47,0,0,0,11,0.0,1.0,0.0,433,320,0.6,Alysson,0,5.0,5.0,2025,Aston Villa
173879,808,Tammy,Abraham,FWD,2,7,23,278,2,0,2,93,-0.3,1.9,0.2,92819,76337,4.0,Abraham,0,5.7,6.0,2025,Aston Villa
518030,183,Max,Weiß,GK,3,90,7,270,0,0,0,39,-0.3,2.3,0.2,20012,19233,1.7,Weiss,0,4.2,4.5,2025,Burnley
489571,184,Etienne,Green,GK,3,90,0,0,0,0,0,0,0.0,0.0,0.2,4943,34808,0.0,Green,0,4.0,4.0,2025,Burnley
51943,185,Václav,Hladký,GK,3,90,0,0,0,0,0,0,-0.1,0.0,0.1,15797,22780,0.0,Hladký,0,3.9,4.0,2025,Burnley
192290,186,Connor,Roberts,DEF,3,90,0,0,0,0,0,0,-0.2,0.0,0.0,1907,9487,0.0,Roberts,0,4.3,4.5,2025,Burnley
58621,187,Kyle,Walker,DEF,3,90,70,3095,0,2,3,242,-0.1,1.9,1.2,173367,277687,15.9,Walker,4,4.4,4.5,2025,Burnley
247245,188,Hannes,Delcroix,DEF,3,90,0,0,0,0,0,0,-0.2,0.0,0.2,26052,44063,0.0,Delcroix,0,3.8,4.0,2025,Burnley
461567,189,Owen,Dodgson,DEF,3,90,0,0,0,0,0,0,0.0,0.0,0.0,0,2401,0.0,Dodgson,0,4.0,4.0,2025,Burnley
478969,190,Hjalmar,Ekdal,DEF,3,90,52,1539,0,0,2,159,-0.2,2.7,0.7,254868,221213,13.7,Ekdal,2,3.8,4.0,2025,Burnley
477717,191,Maxime,Estève,DEF,3,90,85,2933,0,0,0,264,-0.2,2.5,7.0,846727,2123523,22.4,Estève,3,3.8,4.0,2025,Burnley
494960,192,Quilindschy,Hartman,DEF,3,90,63,1825,0,6,0,228,0.0,3.0,0.6,192912,194950,15.8,Hartman,3,4.0,4.0,2025,Burnley
461188,193,Bashir,Humphreys,DEF,3,90,47,1574,0,2,1,210,-0.1,2.4,0.1,22842,20690,12.1,Humphreys,2,3.9,4.0,2025,Burnley
241231,194,Jordan,Beyer,DEF,3,90,0,0,0,0,0,0,-0.1,0.0,0.1,2385,15994,0.0,Jordan,0,3.9,4.0,2025,Burnley
549329,195,Lucas,Pires Silva,DEF,3,90,25,1405,0,0,0,127,-0.2,1.2,0.3,50650,44866,6.6,Lucas Pires,1,3.8,4.0,2025,Burnley
450072,196,Shurandy,Sambo,DEF,3,90,0,0,0,0,0,0,0.0,0.0,0.0,202,9743,0.0,Sambo,0,4.0,4.0,2025,Burnley
519895,197,Oliver,Sonne,DEF,3,90,13,164,1,0,0,20,-0.2,1.9,0.2,34622,37617,3.4,Sonne,0,3.8,4.0,2025,Burnley
180804,198,Axel,Tuanzebe,DEF,3,90,34,1201,1,0,0,102,-0.1,2.4,0.9,141356,304187,8.7,Tuanzebe,1,3.9,4.0,2025,Burnley
208912,199,Joe,Worrall,DEF,3,90,20,496,0,0,0,40,-0.2,1.8,0.2,31852,31249,5.3,Worrall,0,3.8,4.0,2025,Burnley
444180,200,Jaidon,Anthony,MID,3,90,127,2717,8,4,6,513,-0.5,3.4,2.4,1365842,1162272,25.4,Anthony,4,5.0,5.5,2025,Burnley
183751,201,Manuel,Benson Hedilazio,MID,3,90,0,0,0,0,0,0,-0.1,0.0,0.0,1070,3162,0.0,Benson,0,5.4,5.5,2025,Burnley
179458,202,Jacob,Bruun Larsen,MID,3,90,41,1014,0,1,0,123,-0.3,1.5,0.0,6779,9341,7.9,Bruun Larsen,3,5.2,5.5,2025,Burnley
578614,203,Enock,Agyei,MID,3,90,0,0,0,0,0,0,-0.3,0.0,0.0,4924,7888,0.0,Boateng,0,4.7,5.0,2025,Burnley
250735,204,Darko,Churlinov,MID,3,90,0,0,0,0,0,0,-0.1,0.0,0.0,160,2095,0.0,Churlinov,0,4.9,5.0,2025,Burnley
172567,205,Josh,Cullen,MID,3,90,70,1513,2,2,8,321,-0.1,3.9,0.8,568832,546077,14.3,Cullen,3,4.9,5.0,2025,Burnley
174592,206,Marcus,Edwards,MID,3,90,51,1058,1,3,2,189,-0.3,2.2,0.1,27070,29360,10.9,Edwards,1,4.7,5.0,2025,Burnley
465527,207,Hannibal,Mejbri,MID,3,90,59,1219,1,5,4,261,-0.3,2.2,0.1,32332,36840,12.6,Hannibal,2,4.7,5.0,2025,Burnley
487702,208,Luca,Koleosho,MID,3,90,0,0,0,0,0,0,0.0,0.0,0.0,68,3043,0.0,Koleosho,0,5.0,5.0,2025,Burnley
167887,209,Josh,Laurent,MID,3,90,56,1752,1,0,1,232,-0.2,1.7,0.0,6524,7502,11.7,Laurent,2,4.8,5.0,2025,Burnley
469272,210,Loum,Tchaouna,MID,3,90,59,1259,2,2,0,208,-0.2,2.0,0.0,6578,6410,12.3,Tchaouna,2,4.8,5.0,2025,Burnley
447715,211,Aaron,Ramsey,MID,3,90,0,0,0,0,0,0,-0.1,0.0,1.4,62789,934900,0.0,A.Ramsey,0,4.4,4.5,2025,Burnley
576323,212,Oluwaseun,Adewumi,MID,3,90,0,0,0,0,0,0,0.0,0.0,0.0,0,2773,0.0,Adewumi,0,4.5,4.5,2025,Burnley
551206,213,Jaydon,Banel,MID,3,90,1,9,0,0,0,2,0.0,1.0,0.0,7482,9313,0.2,Banel,0,4.5,4.5,2025,Burnley
437748,214,Mike,Trésor Ndayishimiye,MID,3,90,6,37,0,0,0,18,-0.2,1.0,0.1,20926,18890,1.4,Trésor,0,4.3,4.5,2025,Burnley
431639,215,Zian,Flemming,FWD,3,90,99,1764,11,0,11,371,-0.2,3.4,0.8,262246,184453,18.7,Flemming,3,5.3,5.5,2025,Burnley
492831,216,Zeki,Amdouni,FWD,3,90,4,69,0,0,0,10,-0.2,1.0,0.0,2934,6873,0.8,Amdouni,0,4.8,5.0,2025,Burnley
435973,217,Lyle,Foster,FWD,3,90,58,1361,3,2,4,202,-0.1,2.2,0.7,458423,455566,11.8,Foster,4,4.9,5.0,2025,Burnley
44699,218,Ashley,Barnes,FWD,3,90,5,40,0,0,0,11,-0.3,0.9,1.2,240204,378250,1.2,Barnes,0,4.2,4.5,2025,Burnley
220598,219,Michael,Obafemi,FWD,3,90,0,0,0,0,0,0,-0.1,0.0,0.1,4151,40849,0.0,Obafemi,0,4.4,4.5,2025,Burnley
67089,470,Martin,Dúbravka,GK,3,90,96,3150,0,0,7,436,0.0,2.7,25.7,1829372,2397331,24.0,Dúbravka,4,4.0,4.0,2025,Burnley
101178,614,James,Ward-Prowse,MID,3,90,40,1092,0,1,0,248,-0.4,2.2,0.2,25730,53072,7.1,Ward-Prowse,2,5.6,6.0,2025,Burnley
503714,676,Lesley,Ugochukwu,MID,3,90,97,2330,3,3,5,374,0.0,2.8,0.1,45849,42639,19.4,Ugochukwu,3,5.0,5.0,2025,Burnley
440323,680,Armando,Broja,FWD,3,90,43,843,1,1,2,119,-0.3,1.8,0.1,48666,61932,8.3,Broja,1,5.2,5.5,2025,Burnley
216055,722,Florentino Ibrain,Morris Luís,MID,3,90,84,2100,0,2,0,357,0.0,2.7,0.0,16099,14204,16.8,Florentino,2,5.0,5.0,2025,Burnley
647960,776,Oliver,Pimlott,MID,3,90,0,0,0,0,0,0,0.0,0.0,0.0,985,781,0.0,Pimlott,0,4.5,4.5,2025,Burnley
704232,784,George,Brierley,MID,3,90,0,0,0,0,0,0,0.0,0.0,0.0,583,464,0.0,Brierley,0,4.5,4.5,2025,Burnley
644593,820,Kian,McMahon-Brown,MID,3,90,0,0,0,0,0,0,0.0,0.0,0.0,256,132,0.0,McMahon-Brown,0,4.5,4.5,2025,Burnley
69752,66,Norberto,Murara Neto,GK,4,91,0,0,0,0,0,0,0.0,0.0,0.1,0,16686,0.0,Neto,0,4.5,4.5,2025,Bournemouth
457569,67,Đorđe,Petrović,GK,4,91,124,3420,0,0,5,512,0.1,3.3,5.2,1218516,969552,27.0,Petrović,11,4.6,4.5,2025,Bournemouth
444172,68,Will,Dennis,GK,4,91,0,0,0,0,0,0,0.0,0.0,0.7,47217,92983,0.0,Dennis,0,4.0,4.0,2025,Bournemouth
568791,69,Callan,McKenna,GK,4,91,0,0,0,0,0,0,-0.1,0.0,0.2,24120,23134,0.0,McKenna,0,3.9,4.0,2025,Bournemouth
495145,70,Alex,Paulsen,GK,4,91,0,0,0,0,0,0,0.0,0.0,0.1,1107,10720,0.0,Paulsen,0,4.0,4.0,2025,Bournemouth
477580,71,Illia,Zabarnyi,DEF,4,91,0,0,0,0,0,0,0.0,0.0,0.0,0,8231,0.0,Zabarnyi,0,5.0,5.0,2025,Bournemouth
221466,72,Marcos,Senesi Barón,DEF,4,91,175,3288,0,6,14,571,0.7,4.7,22.0,6418141,3908148,33.7,Senesi,11,5.2,4.5,2025,Bournemouth
54469,73,Adam,Smith,DEF,4,91,58,1073,0,2,4,185,-0.1,2.6,0.2,34595,44527,13.2,Smith,6,4.4,4.5,2025,Bournemouth
494521,74,Adrien,Truffert,DEF,4,91,165,3378,1,6,19,607,0.3,4.3,5.3,1226091,637714,34.4,Truffert,11,4.8,4.5,2025,Bournemouth
541462,75,Matai,Akinmboni,DEF,4,91,0,0,0,0,0,0,-0.2,0.0,0.2,16680,34082,0.0,Akinmboni,0,3.8,4.0,2025,Bournemouth
518906,76,Owen,Bevan,DEF,4,91,0,0,0,0,0,0,-0.2,0.0,0.2,16969,21996,0.0,Bevan,0,3.8,4.0,2025,Bournemouth
463981,77,James,Hill,DEF,4,91,110,2102,0,3,4,386,0.2,3.8,7.4,1442738,588407,26.2,Hill,8,4.2,4.0,2025,Bournemouth
436893,78,Julián,Araujo Zúñiga,DEF,4,91,0,0,0,0,0,0,-0.2,0.0,0.5,47440,137203,0.0,J.Araujo,0,3.8,4.0,2025,Bournemouth
223911,79,Chris,Mepham,DEF,4,91,0,0,0,0,0,0,0.0,0.0,0.1,1400,16891,0.0,Mepham,0,4.0,4.0,2025,Bournemouth
575901,80,Julio,Soler Barreto,DEF,4,91,3,34,0,0,0,2,-0.1,1.0,0.2,18486,34789,0.8,Soler,0,3.9,4.0,2025,Bournemouth
222683,81,Justin,Kluivert,MID,4,91,41,945,2,0,3,147,-0.1,2.0,0.6,197524,254152,5.9,Kluivert,4,6.9,7.0,2025,Bournemouth
201658,84,Marcus,Tavernier,MID,4,91,137,2732,7,4,14,552,-0.2,4.0,4.2,1646857,1190309,25.8,Tavernier,11,5.3,5.5,2025,Bournemouth
200785,85,Tyler,Adams,MID,4,91,77,1769,2,2,3,346,-0.1,3.1,0.3,83628,96729,15.7,Adams,7,4.9,5.0,2025,Bournemouth
111317,86,David,Brooks,MID,4,91,59,1188,1,3,4,215,0.0,1.9,0.2,76261,81566,11.8,Brooks,5,5.0,5.0,2025,Bournemouth
158499,87,Ryan,Christie,MID,4,91,47,978,2,1,2,214,-0.1,1.8,0.1,32522,33634,9.6,Christie,3,4.9,5.0,2025,Bournemouth
155408,88,Lewis,Cook,MID,4,91,40,872,0,1,0,190,-0.1,2.2,0.0,11970,11534,8.2,Cook,1,4.9,5.0,2025,Bournemouth
168991,89,Philip,Billing,MID,4,91,0,0,0,0,0,0,-0.1,0.0,0.0,598,6650,0.0,Philip,0,4.9,5.0,2025,Bournemouth
503139,90,Alex,Scott,MID,4,91,136,2848,3,2,9,603,-0.1,3.7,2.1,642749,390181,27.8,Scott,11,4.9,5.0,2025,Bournemouth
224995,91,Luis,Sinisterra Lucumí,MID,4,91,0,0,0,0,0,0,0.0,0.0,0.0,396,3906,0.0,Sinisterra,0,5.0,5.0,2025,Bournemouth
441240,92,Romain,Faivre,MID,4,91,0,0,0,0,0,0,0.0,0.0,0.1,4403,19887,0.0,Faivre,0,4.5,4.5,2025,Bournemouth
424044,93,Hamed,Traorè,MID,4,91,4,16,0,1,0,12,0.0,4.0,0.3,114900,166112,0.9,H.Traorè,0,4.5,4.5,2025,Bournemouth
550596,94,Dominic,Sadi,MID,4,91,0,0,0,0,0,0,0.0,0.0,0.0,3895,8277,0.0,Sadi,0,4.5,4.5,2025,Bournemouth
530121,95,Zain,Silcott-Duberry,MID,4,91,0,0,0,0,0,0,-0.1,0.0,0.1,15405,21712,0.0,Silcott-Duberry,0,4.4,4.5,2025,Bournemouth
606775,96,Ben,Winterburn,MID,4,91,1,6,0,0,0,3,0.0,1.0,0.0,2964,10063,0.2,Winterburn,0,4.5,4.5,2025,Bournemouth
444102,97,Francisco Evanilson,de Lima Barbosa,FWD,4,91,115,2741,6,7,6,412,-0.4,3.2,2.4,1344382,1313666,17.4,Evanilson,11,6.6,7.0,2025,Bournemouth
168636,98,Enes,Ünal,FWD,4,91,27,214,1,0,1,83,-0.1,1.2,0.0,15857,13019,5.0,Enes Ünal,0,5.4,5.5,2025,Bournemouth
590760,99,Daniel,Adu-Adjei,FWD,4,91,0,0,0,0,0,0,-0.1,0.0,0.1,22144,44673,0.0,Adu-Adjei,0,4.4,4.5,2025,Bournemouth
560262,100,Junior,Kroupi,FWD,4,91,113,1663,13,0,13,480,0.2,3.4,7.6,2414496,1611147,24.0,Kroupi.Jr,10,4.7,4.5,2025,Bournemouth
496208,391,Ben,Gannon-Doak,MID,4,91,11,105,0,1,0,33,-0.2,1.4,0.0,4944,8262,2.3,Gannon-Doak,0,4.8,5.0,2025,Bournemouth
242882,685,Bafodé,Diakité,DEF,4,91,46,1275,0,0,2,164,-0.4,2.6,0.3,99992,100202,11.2,Diakité,4,4.1,4.5,2025,Bournemouth
606774,687,Remy,Rees-Dottin,MID,4,91,0,0,0,0,0,0,-0.2,0.0,0.2,28243,23995,0.0,Rees-Dottin,0,4.3,4.5,2025,Bournemouth
489888,697,Amine,Adli,MID,4,91,67,1074,3,2,4,241,-0.1,2.2,0.2,120446,101352,12.4,Adli,3,5.4,5.5,2025,Bournemouth
551483,713,Álex,Jiménez Sánchez,DEF,4,91,74,2315,1,2,2,297,0.0,2.4,0.1,67165,54008,16.4,A.Jimenez,6,4.5,4.5,2025,Bournemouth
620487,721,Veljko,Milosavljevic,DEF,4,91,19,367,0,0,0,63,-0.1,2.7,0.0,6785,6263,4.3,Milosavljević,1,4.4,4.5,2025,Bournemouth
678552,756,Malcom,DaCosta,MID,4,91,0,0,0,0,0,0,0.0,0.0,0.0,2125,1465,0.0,DaCosta,0,4.5,4.5,2025,Bournemouth
40383,782,Fraser,Forster,GK,4,91,0,0,0,0,0,0,0.0,0.0,0.0,3840,1698,0.0,Forster,0,4.0,4.0,2025,Bournemouth
658013,799,Charlie,Stevens,MID,4,91,0,0,0,0,0,0,0.0,0.0,0.0,984,526,0.0,Stevens,0,4.5,4.5,2025,Bournemouth
614574,801,Alex,Tóth,MID,4,91,8,135,0,0,0,32,-0.1,0.9,0.0,1044,687,1.6,Tóth.A,0,4.9,5.0,2025,Bournemouth
436416,806,Christos,Mandas,GK,4,91,0,0,0,0,0,0,0.0,0.0,0.0,877,564,0.0,Mandas,0,4.0,4.0,2025,Bournemouth
499604,807,Rayan Vitor,Simplício Rocha,MID,4,91,67,1110,5,2,3,238,-0.1,4.5,2.3,594702,301140,12.4,Rayan,6,5.4,5.5,2025,Bournemouth
200641,27,Reiss,Nelson,MID,5,94,13,118,0,1,0,39,-0.2,1.3,0.1,11237,18925,2.7,Nelson,0,4.8,5.0,2025,Brentford
533463,83,Dango,Ouattara,MID,5,94,136,2271,7,8,16,429,-0.4,4.2,1.6,1060175,888747,24.3,O.Dango,6,5.6,6.0,2025,Brentford
200720,101,Caoimhín,Kelleher,GK,5,94,143,3330,0,0,11,570,0.3,3.9,12.0,1717279,1447384,29.8,Kelleher,10,4.8,4.5,2025,Brentford
235448,102,Ellery,Balcombe,GK,5,94,0,0,0,0,0,0,-0.1,0.0,0.2,17279,26392,0.0,Balcombe,0,3.9,4.0,2025,Brentford
503300,103,Matthew,Cox,GK,5,94,0,0,0,0,0,0,-0.1,0.0,0.1,11791,16383,0.0,Cox,0,3.9,4.0,2025,Brentford
535017,104,Julian,Eyestone,GK,5,94,0,0,0,0,0,0,-0.1,0.0,0.1,13518,12014,0.0,Eyestone,0,3.9,4.0,2025,Brentford
507433,105,Hákon Rafn,Valdimarsson,GK,5,94,1,90,0,0,0,1,-0.2,1.0,1.0,105071,91216,0.3,Valdimarsson,0,3.8,4.0,2025,Brentford
432830,106,Nathan,Collins,DEF,5,94,129,2971,1,2,7,450,-0.1,3.7,2.4,746929,645720,26.3,Collins,9,4.9,5.0,2025,Brentford
249231,107,Keane,Lewis-Potter,DEF,5,94,115,1960,3,4,5,356,-0.2,3.2,1.5,529325,395674,24.0,Lewis-Potter,9,4.8,5.0,2025,Brentford
191866,108,Kristoffer,Ajer,DEF,5,94,76,1805,0,2,1,211,-0.1,2.8,0.2,44558,46039,17.3,Ajer,5,4.4,4.5,2025,Brentford
194010,109,Rico,Henry,DEF,5,94,52,1322,0,2,0,144,-0.2,2.1,0.1,26003,33298,12.1,Henry,4,4.3,4.5,2025,Brentford
607464,110,Michael,Kayode,DEF,5,94,113,3258,1,2,9,494,0.1,3.1,1.0,298401,198389,24.6,Kayode,10,4.6,4.5,2025,Brentford
231065,111,Ethan,Pinnock,DEF,5,94,14,318,0,0,2,53,-0.3,3.5,0.1,16875,30319,3.3,Pinnock,1,4.2,4.5,2025,Brentford
226956,112,Mads,Roerslev Rasmussen,DEF,5,94,0,0,0,0,0,0,0.0,0.0,0.0,211,3940,0.0,Roerslev,0,4.5,4.5,2025,Brentford
444765,113,Sepp,van den Berg,DEF,5,94,113,2761,0,3,3,435,-0.1,3.5,1.0,360666,292925,25.7,Van den Berg,8,4.4,4.5,2025,Brentford
622536,114,Benjamin,Arthur,DEF,5,94,0,0,0,0,0,0,-0.2,0.0,0.2,12981,31968,0.0,Arthur,0,3.8,4.0,2025,Brentford
612534,115,Benjamin,Fredrick,DEF,5,94,0,0,0,0,0,0,0.0,0.0,0.1,2020,14548,0.0,Fredrick,0,4.0,4.0,2025,Brentford
472713,116,Aaron,Hickey,DEF,5,94,37,679,0,0,0,105,0.0,1.8,0.3,68336,85750,9.2,Hickey,2,4.0,4.0,2025,Brentford
570241,117,Kim,Ji-soo,DEF,5,94,0,0,0,0,0,0,-0.1,0.0,0.1,4108,15883,0.0,Ji-soo,0,3.9,4.0,2025,Brentford
499717,118,Jayden,Meghoma,DEF,5,94,0,0,0,0,0,0,0.0,0.0,0.0,279,11084,0.0,Meghoma,0,4.0,4.0,2025,Brentford
513418,120,Kevin,Schade,MID,5,94,125,2744,8,5,5,385,-0.2,3.6,1.3,969326,862088,18.4,Schade,11,6.8,7.0,2025,Brentford
440089,121,Mikkel,Damsgaard,MID,5,94,113,2046,4,4,9,467,-0.4,3.4,0.8,214963,244417,20.2,Damsgaard,5,5.6,6.0,2025,Brentford
543295,122,Antoni,Milambo,MID,5,94,1,45,0,0,0,5,-0.3,1.0,0.0,2221,7078,0.2,Milambo,0,5.2,5.5,2025,Brentford
244858,123,Fábio,Freitas Gouveia Carvalho,MID,5,94,13,100,1,0,1,42,-0.4,2.2,0.1,27411,51815,2.8,Carvalho,0,4.6,5.0,2025,Brentford
56979,124,Jordan,Henderson,MID,5,94,76,1911,1,3,5,343,0.0,2.4,0.3,101717,109214,15.2,Henderson,6,5.0,5.0,2025,Brentford
204580,125,Vitaly,Janelt,MID,5,94,74,1434,1,4,6,334,-0.1,3.0,0.1,67811,59682,15.1,Janelt,5,4.9,5.0,2025,Brentford
207283,126,Mathias,Jensen,MID,5,94,98,2239,3,2,1,465,-0.1,2.7,0.1,33274,27550,20.0,Jensen,9,4.9,5.0,2025,Brentford
626464,127,Gustavo,Nunes Fernandes Gomes,MID,5,94,0,0,0,0,0,0,-0.1,0.0,0.0,1544,2374,0.0,Nunes,0,4.9,5.0,2025,Brentford
428580,128,Frank,Onyeka,MID,5,94,12,88,0,2,0,41,-0.2,2.0,0.0,5396,9001,2.5,Onyeka,0,4.8,5.0,2025,Brentford
508395,129,Yehor,Yarmoliuk,MID,5,94,104,2652,1,3,1,448,0.0,2.8,0.1,27701,24796,20.8,Yarmoliuk,8,5.0,5.0,2025,Brentford
606689,130,Romelle,Donovan,MID,5,94,4,38,0,0,0,19,-0.1,1.0,0.1,17789,20856,0.9,Donovan,0,4.4,4.5,2025,Brentford
628204,131,Yunus Emre,Konak,MID,5,94,0,0,0,0,0,0,-0.2,0.0,0.1,38108,46431,0.0,Konak,0,4.3,4.5,2025,Brentford
220695,132,Paris,Maghoma,MID,5,94,0,0,0,0,0,0,0.0,0.0,0.0,4038,5660,0.0,Maghoma,0,4.5,4.5,2025,Brentford
450539,133,Myles,Peart-Harris,MID,5,94,1,1,0,0,0,2,-0.1,1.0,0.0,3881,6546,0.2,Peart-Harris,0,4.4,4.5,2025,Brentford
591357,134,Ryan,Trevitt,MID,5,94,0,0,0,0,0,0,0.0,0.0,0.0,0,955,0.0,Trevitt,0,4.5,4.5,2025,Brentford
502500,136,Igor Thiago,Nascimento Rodrigues,FWD,5,94,181,3282,22,1,22,710,1.2,4.8,30.2,10092741,6495947,25.1,Thiago,10,7.2,6.0,2025,Brentford
533710,137,Iwan,Morgan,FWD,5,94,0,0,0,0,0,0,-0.1,0.0,0.3,52422,82860,0.0,Morgan,0,4.4,4.5,2025,Brentford
183656,748,Josh,Dasilva,MID,5,94,2,2,0,0,0,5,-0.1,1.0,0.0,285,278,0.4,Dasilva,0,4.9,5.0,2025,Brentford
593174,797,Kaye,Furo,FWD,5,94,1,1,0,0,0,2,0.0,1.0,0.0,2695,1874,0.2,Furo,0,4.5,4.5,2025,Brentford
559610,810,Luka,Bentt,MID,5,94,0,0,0,0,0,0,0.0,0.0,0.0,569,313,0.0,Bentt,0,4.5,4.5,2025,Brentford
494556,819,Ollie,Shield,DEF,5,94,0,0,0,0,0,0,0.0,0.0,0.0,546,291,0.0,Shield,0,4.0,4.0,2025,Brentford
649240,823,Joshua,Stephenson,DEF,5,94,0,0,0,0,0,0,0.0,0.0,0.0,180,99,0.0,Stephenson,0,4.0,4.0,2025,Brentford
587433,824,Conor,McManus,DEF,5,94,0,0,0,0,0,0,0.0,0.0,0.0,252,126,0.0,McManus,0,4.0,4.0,2025,Brentford
547671,826,Riley,Owen,MID,5,94,0,0,0,0,0,0,0.0,0.0,0.0,249,96,0.0,Owen,0,4.5,4.5,2025,Brentford
49262,138,Jason,Steele,GK,6,36,0,0,0,0,0,0,-0.3,0.0,0.2,12848,42173,0.0,Steele,0,4.2,4.5,2025,Brighton
489639,139,Bart,Verbruggen,GK,6,36,130,3420,0,0,6,616,0.1,3.4,9.3,1475089,1130937,28.3,Verbruggen,10,4.6,4.5,2025,Brighton
209288,140,Tom,McGill,GK,6,36,0,0,0,0,0,0,-0.1,0.0,0.3,19179,30974,0.0,McGill,0,3.9,4.0,2025,Brighton
472739,141,Carl,Rushworth,GK,6,36,0,0,0,0,0,0,0.0,0.0,0.0,0,251,0.0,Rushworth,0,4.0,4.0,2025,Brighton
240514,142,Kjell,Scherpen,GK,6,36,0,0,0,0,0,0,0.0,0.0,0.0,0,209,0.0,Scherpen,0,4.0,4.0,2025,Brighton
204120,143,Olivier,Boscagli,DEF,6,36,39,799,0,1,4,171,-0.3,3.2,0.1,23481,22691,9.3,Boscagli,3,4.2,4.5,2025,Brighton
550090,144,Diego,Coppola,DEF,6,36,10,193,0,0,0,32,-0.3,2.0,0.0,2735,8488,2.4,Coppola,1,4.2,4.5,2025,Brighton
465730,145,Maxim,De Cuyper,DEF,6,36,84,1404,2,3,9,318,-0.2,2.8,1.7,297957,754092,19.5,De Cuyper,5,4.3,4.5,2025,Brighton
83299,146,Lewis,Dunk,DEF,6,36,100,2837,1,1,5,443,0.0,3.0,1.0,187324,231096,22.2,Dunk,7,4.5,4.5,2025,Brighton
204214,147,Pervis,Estupiñán Tenorio,DEF,6,36,0,0,0,0,0,0,0.0,0.0,0.0,0,1991,0.0,Estupiñan,0,4.5,4.5,2025,Brighton
231416,148,Ferdi,Kadıoğlu,DEF,6,36,118,3130,1,2,7,514,0.0,3.2,1.4,282610,135251,26.2,F.Kadıoğlu,10,4.5,4.5,2025,Brighton
223434,149,Igor Julio,dos Santos de Paulo,DEF,6,36,6,103,0,0,0,10,0.0,1.5,0.1,11608,12023,1.3,Igor,0,4.5,4.5,2025,Brighton
232792,150,Tariq,Lamptey,DEF,6,36,0,0,0,0,0,0,-0.1,0.0,0.1,2778,38727,0.0,Lamptey,0,4.4,4.5,2025,Brighton
469142,151,Jan Paul,van Hecke,DEF,6,36,148,3210,3,3,8,575,0.2,4.1,10.7,2293857,1064675,31.5,Van Hecke,10,4.7,4.5,2025,Brighton
111478,152,Joël,Veltman,DEF,6,36,46,1047,1,0,1,176,-0.2,1.9,0.1,25129,39644,10.7,Veltman,2,4.3,4.5,2025,Brighton
110735,153,Adam,Webster,DEF,6,36,0,0,0,0,0,0,-0.1,0.0,0.0,1199,1892,0.0,Webster,0,4.4,4.5,2025,Brighton
439135,154,Eiran,Cashin,DEF,6,36,0,0,0,0,0,0,0.0,0.0,0.0,0,791,0.0,Cashin,0,4.0,4.0,2025,Brighton
589100,155,Jacob,Slater,DEF,6,36,0,0,0,0,0,0,0.0,0.0,0.1,3175,16833,0.0,Slater,0,4.0,4.0,2025,Brighton
547720,156,Charlie,Tasker,DEF,6,36,0,0,0,0,0,0,-0.2,0.0,0.2,13806,19237,0.0,Tasker,0,3.8,4.0,2025,Brighton
451340,157,Mitoma,Kaoru,MID,6,36,62,1714,3,1,2,247,-0.4,2.5,1.9,398054,965064,10.2,Mitoma,5,6.1,6.5,2025,Brighton
463067,158,Georginio,Rutter,MID,6,36,87,1776,3,5,2,290,-0.4,2.7,0.3,145213,266355,15.5,Georginio,7,5.6,6.0,2025,Brighton
109345,159,Solly,March,MID,6,36,4,38,0,0,0,18,-0.2,1.0,0.0,3768,4410,0.7,March,0,5.8,6.0,2025,Brighton
592031,160,Yankuba,Minteh,MID,6,36,117,2389,3,8,9,466,-0.5,3.4,2.5,2151128,2014117,21.3,Minteh,11,5.5,6.0,2025,Brighton
474120,161,Julio,Enciso Espínola,MID,6,36,0,0,0,0,0,0,-0.1,0.0,0.0,105,2971,0.0,Enciso,0,5.4,5.5,2025,Brighton
513433,162,Brajan,Gruda,MID,6,36,35,708,1,1,2,114,-0.1,1.9,0.0,16799,19928,6.5,Gruda,2,5.4,5.5,2025,Brighton
532529,163,Jack,Hinshelwood,MID,6,36,91,1736,4,5,2,317,-0.3,3.4,1.6,260749,70206,17.5,Hinshelwood,7,5.2,5.5,2025,Brighton
219249,164,Matt,O'Riley,MID,6,36,16,202,1,0,2,48,0.0,2.7,0.3,133640,200965,2.9,O'Riley,1,5.5,5.5,2025,Brighton
516211,165,Abdallah,Sima,MID,6,36,0,0,0,0,0,0,-0.1,0.0,0.0,247,2255,0.0,Sima,0,5.4,5.5,2025,Brighton
509416,166,Yasin,Ayari,MID,6,36,98,1921,3,4,7,406,-0.2,3.4,0.4,218577,204165,20.4,Ayari,6,4.8,5.0,2025,Brighton
535301,167,Carlos,Baleba,MID,6,36,56,1646,0,0,0,231,-0.5,1.8,1.5,234049,576433,12.4,Baleba,7,4.5,5.0,2025,Brighton
514254,169,Diego,Gómez Amarilla,MID,6,36,97,2117,5,1,9,361,-0.1,3.0,0.4,225193,192159,19.8,Gomez,8,4.9,5.0,2025,Brighton
15157,170,James,Milner,MID,6,36,35,772,1,1,0,158,-0.1,1.8,0.1,19906,25164,7.1,Milner,2,4.9,5.0,2025,Brighton
441192,171,Jeremy,Sarmiento Morante,MID,6,36,0,0,0,0,0,0,-0.1,0.0,0.0,197,2983,0.0,Sarmiento,0,4.9,5.0,2025,Brighton
549074,172,Tom,Watson,MID,6,36,5,57,0,0,0,15,-0.2,0.8,0.0,2397,4337,1.0,Watson,0,4.8,5.0,2025,Brighton
467779,173,Mats,Wieffer,MID,6,36,94,1901,2,4,6,398,-0.2,3.6,0.3,180281,156497,19.6,Wieffer,6,4.8,5.0,2025,Brighton
611695,174,Malick,Yalcouyé,MID,6,36,0,0,0,0,0,0,0.0,0.0,0.0,0,1268,0.0,Yalcouye,0,5.0,5.0,2025,Brighton
567121,175,Joe,Knight,MID,6,36,1,1,0,0,0,3,-0.1,1.0,0.1,11030,15541,0.2,Knight,0,4.4,4.5,2025,Brighton
550141,176,Adrian,Mazilu,MID,6,36,0,0,0,0,0,0,0.0,0.0,0.0,1435,4630,0.0,Mazilu,0,4.5,4.5,2025,Brighton
513834,177,Andrew,Moran,MID,6,36,0,0,0,0,0,0,0.0,0.0,0.0,490,5133,0.0,Moran,0,4.5,4.5,2025,Brighton
50175,178,Danny,Welbeck,FWD,6,36,126,2249,13,1,18,511,-0.2,3.4,8.4,3324662,2837619,20.0,Welbeck,10,6.3,6.5,2025,Brighton
487117,179,Evan,Ferguson,FWD,6,36,0,0,0,0,0,0,0.0,0.0,0.0,0,1562,0.0,Ferguson,0,5.5,5.5,2025,Brighton
608181,180,Stefanos,Tzimas,FWD,6,36,16,132,1,1,0,55,-0.3,1.8,0.1,13803,23710,3.1,Tzimas,0,5.2,5.5,2025,Brighton
647850,181,Charalampos,Kostoulas,FWD,6,36,35,351,2,1,3,140,-0.2,1.7,0.3,58706,81260,7.3,Kostoulas,1,4.8,5.0,2025,Brighton
556637,744,Nehemiah,Oriola,MID,6,36,1,1,0,0,0,3,0.0,1.0,0.0,3357,2509,0.2,Oriola,0,4.5,4.5,2025,Brighton
604988,761,Freddie,Simmonds,DEF,6,36,0,0,0,0,0,0,0.0,0.0,0.0,1482,1188,0.0,Simmonds,0,4.0,4.0,2025,Brighton
60307,783,Pascal,Groß,MID,6,36,78,1636,1,6,10,389,0.1,4.1,3.0,564723,180960,13.9,Groß,6,5.6,5.5,2025,Brighton
597320,795,Harry,Howell,MID,6,36,4,92,0,0,0,11,0.0,1.3,0.0,1117,622,0.9,Howell,0,4.5,4.5,2025,Brighton
215059,220,Robert,Lynch Sánchez,GK,7,8,113,3040,0,1,7,509,-0.2,3.2,10.3,1777466,3376474,23.5,Sánchez,9,4.8,5.0,2025,Chelsea
508479,221,Filip,Jörgensen,GK,7,8,9,378,0,0,0,50,-0.2,1.8,0.2,19782,30780,2.1,Jörgensen,0,4.3,4.5,2025,Chelsea
549939,222,Mike,Penders,GK,7,8,0,0,0,0,0,0,0.0,0.0,0.0,0,347,0.0,Penders,0,4.0,4.0,2025,Chelsea
471798,223,Gabriel,Słonina,GK,7,8,0,0,0,0,0,0,-0.2,0.0,0.1,12739,13770,0.0,Slonina,0,3.8,4.0,2025,Chelsea
179268,224,Marc,Cucurella Saseta,DEF,7,8,104,2706,1,4,5,468,0.1,3.1,14.6,3094674,3953194,17.0,Cucurella,9,6.1,6.0,2025,Chelsea
225796,225,Reece,James,DEF,7,8,115,1957,2,6,11,493,0.1,4.0,6.0,2212085,2272671,20.5,James,8,5.6,5.5,2025,Chelsea
180736,226,Trevoh,Chalobah,DEF,7,8,136,2780,3,1,7,516,0.4,4.0,8.8,4846236,4142802,25.2,Chalobah,9,5.4,5.0,2025,Chelsea
460028,227,Levi,Samuels Colwill,DEF,7,8,8,225,0,0,0,30,-0.3,2.7,0.2,8167,31558,1.7,Colwill,0,4.7,5.0,2025,Chelsea
482609,228,Malo,Gusto,DEF,7,8,96,2255,2,3,7,406,-0.2,2.8,1.7,559012,579017,20.0,Gusto,7,4.8,5.0,2025,Chelsea
242880,229,Benoît,Badiashile Mukinayi,DEF,7,8,7,470,0,0,0,48,-0.1,0.9,0.0,9211,10008,1.6,B.Badiashile,0,4.4,4.5,2025,Chelsea
444463,230,Wesley,Fofana,DEF,7,8,65,1718,0,2,3,288,-0.1,2.6,0.4,138920,130225,14.8,Fofana,4,4.4,4.5,2025,Chelsea
574458,231,Mamadou,Sarr,DEF,7,8,3,100,0,0,0,4,0.0,1.0,0.0,3876,4193,0.7,M.Sarr,0,4.5,4.5,2025,Chelsea
109646,232,Tosin,Adarabioyo,DEF,7,8,34,788,0,0,2,130,-0.5,2.1,0.3,110909,225147,8.5,Tosin,2,4.0,4.5,2025,Chelsea
577016,233,Josh,Acheampong,DEF,7,8,39,657,1,0,5,118,-0.3,2.3,1.8,663404,561224,10.5,Acheampong,2,3.7,4.0,2025,Chelsea
622758,234,Aarón,Anselmino,DEF,7,8,0,0,0,0,0,0,0.0,0.0,0.1,1262,10304,0.0,Anselmino,0,4.0,4.0,2025,Chelsea
244851,235,Cole,Palmer,MID,7,8,114,1954,10,2,11,430,-0.2,4.4,12.6,3348995,8552563,11.1,Palmer,3,10.3,10.5,2025,Chelsea
247632,236,Pedro,Lomba Neto,MID,7,8,125,2629,5,7,9,543,0.0,3.7,3.9,2038164,2117351,17.9,Neto,11,7.0,7.0,2025,Chelsea
448047,237,Enzo,Fernández,MID,7,8,157,3114,10,5,19,700,0.0,4.4,12.3,5932714,5109104,24.2,Enzo,8,6.5,6.5,2025,Chelsea
624773,238,Estêvão,Almeida de Oliveira Gonçalves,MID,7,8,58,839,2,5,4,172,-0.1,2.6,1.7,873801,940758,9.1,Estêvão,4,6.4,6.5,2025,Chelsea
463936,239,Jamie,Bynoe-Gittens,MID,7,8,25,486,0,2,0,99,-0.5,1.6,0.1,17282,42284,4.2,Gittens,1,6.0,6.5,2025,Chelsea
213198,240,Christopher,Nkunku,MID,7,8,0,0,0,0,0,0,-0.1,0.0,0.1,2668,23803,0.0,Nkunku,0,5.9,6.0,2025,Chelsea
486672,241,Moisés,Caicedo Corozo,MID,7,8,110,2796,3,1,10,580,0.2,3.3,7.1,3298771,3307423,19.3,Caicedo,6,5.7,5.5,2025,Chelsea
514356,244,Roméo,Lavia,MID,7,8,13,374,0,0,0,81,-0.1,1.1,0.0,3419,5099,2.7,Lavia,0,4.9,5.0,2025,Chelsea
465920,245,Mykhailo,Mudryk,MID,7,8,0,0,0,0,0,0,-0.1,0.0,0.0,1257,1455,0.0,Mudryk,0,4.9,5.0,2025,Chelsea
532605,246,Andrey,Nascimento dos Santos,MID,7,8,47,1247,1,0,3,257,-0.1,1.7,0.3,86825,91625,10.7,Andrey Santos,1,4.4,4.5,2025,Chelsea
491007,247,Dário,Luís Essugo,MID,7,8,1,26,0,0,0,7,-0.2,0.3,0.1,15467,16015,0.2,D.Essugo,0,4.3,4.5,2025,Chelsea
611134,248,Kendry,Páez Andrade,MID,7,8,0,0,0,0,0,0,0.0,0.0,0.0,0,956,0.0,Paez,0,4.5,4.5,2025,Chelsea
475168,249,João Pedro,Junqueira de Jesus,FWD,7,8,177,2658,15,9,30,715,-0.1,5.1,34.8,9178198,11489381,23.9,João Pedro,10,7.4,7.5,2025,Chelsea
463034,250,Liam,Delap,FWD,7,8,45,1092,1,2,1,123,-0.3,1.6,0.9,114678,472428,7.3,Delap,2,6.2,6.5,2025,Chelsea
517052,251,Nicolas,Jackson,FWD,7,8,0,0,0,0,0,0,0.0,0.0,0.1,4962,15425,0.0,N.Jackson,0,6.5,6.5,2025,Chelsea
499309,252,Marc,Guiu Paz,FWD,7,8,13,265,0,1,0,19,-0.5,1.3,5.2,1319420,2890932,3.2,Marc Guiu,0,4.0,4.5,2025,Chelsea
493105,453,Alejandro,Garnacho Ferreyra,MID,7,8,56,1261,1,4,3,222,-0.1,2.3,0.4,245387,241011,8.8,Garnacho,4,6.4,6.5,2025,Chelsea
551210,672,Jorrel,Hato,DEF,7,8,19,1139,0,0,0,93,-0.4,0.9,0.2,22950,44065,4.1,Hato,0,4.6,5.0,2025,Chelsea
611912,743,Landon,Emenalo,MID,7,8,0,0,0,0,0,0,0.0,0.0,0.0,1685,1532,0.0,Emenalo,0,4.5,4.5,2025,Chelsea
518335,789,Max,Merrick,GK,7,8,0,0,0,0,0,0,0.0,0.0,0.0,580,458,0.0,Merrick,0,4.0,4.0,2025,Chelsea
499857,803,Teddy,Sharman-Lowe,GK,7,8,0,0,0,0,0,0,0.0,0.0,0.0,337,263,0.0,Sharman-Lowe,0,4.0,4.0,2025,Chelsea
619734,829,Jesse,Derry,MID,7,8,1,45,0,0,0,5,0.0,1.0,0.0,179,65,0.2,Derry,0,4.5,4.5,2025,Chelsea
671606,833,Mathis,Eboué,MID,7,8,0,0,0,0,0,0,0.0,0.0,0.0,48,8,0.0,Eboué,0,4.5,4.5,2025,Chelsea
616286,834,Ryan,Kavuma-McQueen,MID,7,8,0,0,0,0,0,0,0.0,0.0,0.0,40,7,0.0,Kavuma-McQueen,0,4.5,4.5,2025,Chelsea
567119,840,Shumaira,Mheuka,FWD,7,8,1,1,0,0,0,3,0.0,1.0,0.0,246,14,0.2,Mheuka,0,4.5,4.5,2025,Chelsea
172649,253,Dean,Henderson,GK,8,31,131,3330,0,0,7,538,0.1,3.5,9.0,1438604,1212503,25.7,Henderson,11,5.1,5.0,2025,Crystal Palace
121709,254,Walter,Benítez,GK,8,31,7,90,0,0,0,29,-0.1,7.0,0.3,22486,36079,1.8,Benitez,1,3.9,4.0,2025,Crystal Palace
169593,255,Remi,Matthews,GK,8,31,0,0,0,0,0,0,-0.1,0.0,0.1,6758,9670,0.0,Matthews,0,3.9,4.0,2025,Crystal Palace
247348,256,Daniel,Muñoz Mejía,DEF,8,31,136,2400,4,4,9,469,0.4,4.7,9.2,4198618,4162622,23.1,Muñoz,10,5.9,5.5,2025,Crystal Palace
437499,257,Maxence,Lacroix,DEF,8,31,154,3085,1,2,11,529,0.2,4.4,7.1,2257486,1564812,29.6,Lacroix,11,5.2,5.0,2025,Crystal Palace
244723,258,Tyrick,Mitchell,DEF,8,31,135,3253,1,3,8,498,0.0,3.6,2.3,556168,455272,27.0,Mitchell,12,5.0,5.0,2025,Crystal Palace
218364,259,Borna,Sosa,DEF,8,31,6,99,0,0,0,9,-0.2,0.9,0.1,12479,20090,1.2,Sosa,0,4.8,5.0,2025,Crystal Palace
427623,261,Chris,Richards,DEF,8,31,128,2825,1,0,5,453,-0.1,3.9,2.2,1097588,1006044,29.1,Richards,11,4.4,4.5,2025,Crystal Palace
515621,262,Chadi,Riad Dnanou,DEF,8,31,20,550,0,1,0,84,0.0,2.2,0.1,7843,5613,5.0,Chadi Riad,1,4.0,4.0,2025,Crystal Palace
57328,263,Nathaniel,Clyne,DEF,8,31,17,592,0,1,2,50,-0.2,1.7,0.5,94580,117540,4.5,Clyne,0,3.8,4.0,2025,Crystal Palace
156074,264,Rob,Holding,DEF,8,31,0,0,0,0,0,0,0.0,0.0,0.0,0,3952,0.0,Holding,0,4.0,4.0,2025,Crystal Palace
590012,265,Caleb,Kporha,DEF,8,31,0,0,0,0,0,0,0.0,0.0,0.0,1297,2680,0.0,Kporha,0,4.0,4.0,2025,Crystal Palace
232185,267,Ismaïla,Sarr,MID,8,31,117,2173,9,2,9,359,-0.1,4.2,5.6,3266182,3172191,18.3,Sarr,9,6.4,6.5,2025,Crystal Palace
438464,268,Cheick,Doucouré,MID,8,31,0,0,0,0,0,0,-0.1,0.0,0.0,613,787,0.0,Doucouré,0,4.9,5.0,2025,Crystal Palace
606921,269,Romain,Esse,MID,8,31,4,40,0,0,0,12,-0.3,1.0,0.1,11622,29087,0.9,Esse,0,4.7,5.0,2025,Crystal Palace
108413,270,Will,Hughes,MID,8,31,45,1560,0,1,0,217,-0.3,1.5,0.1,23296,27299,9.6,Hughes,5,4.7,5.0,2025,Crystal Palace
209400,271,Daichi,Kamada,MID,8,31,67,1899,0,2,0,331,0.0,2.4,0.1,49384,45805,13.4,Kamada,6,5.0,5.0,2025,Crystal Palace
152551,272,Jefferson,Lerma Solís,MID,8,31,69,1722,0,5,3,296,-0.1,2.2,0.1,20181,19402,14.1,Lerma,7,4.9,5.0,2025,Crystal Palace
496221,273,Adam,Wharton,MID,8,31,112,2552,1,6,8,511,0.0,3.3,0.7,219867,207736,22.4,Wharton,8,5.0,5.0,2025,Crystal Palace
579075,274,Asher,Agbinone,MID,8,31,0,0,0,0,0,0,-0.2,0.0,0.1,16289,14086,0.0,Agbinone,0,4.3,4.5,2025,Crystal Palace
466117,275,Naouirou,Ahamada,MID,8,31,0,0,0,0,0,0,-0.2,0.0,0.0,5497,7977,0.0,Ahamada,0,4.3,4.5,2025,Crystal Palace
489706,276,Justin,Devenny,MID,8,31,36,785,1,0,0,108,-0.2,1.7,1.1,309072,377576,8.4,Devenny,1,4.3,4.5,2025,Crystal Palace
450535,277,Malcolm,Ebiowei,MID,8,31,0,0,0,0,0,0,0.0,0.0,0.0,0,751,0.0,Ebiowei,0,4.5,4.5,2025,Crystal Palace
450542,278,Jesurun,Rak-Sakyi,MID,8,31,0,0,0,0,0,0,-0.1,0.0,0.0,4359,9630,0.0,J.Rak-Sakyi,0,4.4,4.5,2025,Crystal Palace
536694,279,Matheus,França de Oliveira,MID,8,31,0,0,0,0,0,0,0.0,0.0,0.0,95,1658,0.0,M.França,0,4.5,4.5,2025,Crystal Palace
531989,280,David,Ozoh,MID,8,31,0,0,0,0,0,0,0.0,0.0,0.0,0,193,0.0,Ozoh,0,4.5,4.5,2025,Crystal Palace
530318,281,Kaden,Rodney,MID,8,31,1,3,0,0,0,2,-0.1,1.0,0.1,6468,7625,0.2,Rodney,0,4.4,4.5,2025,Crystal Palace
574398,282,Franco,Umeh-Chibueze,MID,8,31,0,0,0,0,0,0,0.0,0.0,0.0,860,3079,0.0,Umeh,0,4.5,4.5,2025,Crystal Palace
231747,283,Jean-Philippe,Mateta,FWD,8,31,114,2210,12,0,13,397,0.1,3.6,8.1,5199821,5396003,15.0,Mateta,8,7.6,7.5,2025,Crystal Palace
205533,284,Eddie,Nketiah,FWD,8,31,23,414,2,0,3,100,-0.1,1.9,0.3,125246,147710,4.3,Nketiah,0,5.4,5.5,2025,Crystal Palace
199670,285,Odsonne,Édouard,FWD,8,31,1,2,0,0,0,6,0.0,1.0,0.2,9044,89746,0.2,Édouard,0,5.0,5.0,2025,Crystal Palace
576980,286,Zach,Marsh,FWD,8,31,0,0,0,0,0,0,-0.1,0.0,0.3,53360,61906,0.0,Marsh,0,4.4,4.5,2025,Crystal Palace
242898,580,Brennan,Johnson,MID,8,31,65,1710,2,1,2,217,-0.5,1.9,2.4,1169226,1341087,10.0,Johnson,6,6.5,7.0,2025,Crystal Palace
247412,654,Jørgen,Strand Larsen,FWD,8,31,75,2301,4,1,3,215,-0.7,2.1,1.4,527882,883037,12.9,Strand Larsen,5,5.8,6.5,2025,Crystal Palace
485337,677,Evann,Guessand,MID,8,31,44,909,1,3,0,143,-0.3,2.1,0.0,11516,15978,7.1,Guessand,2,6.2,6.5,2025,Crystal Palace
590014,690,Rio,Cardines,MID,8,31,2,90,0,0,0,21,-0.1,2.0,0.3,58563,56486,0.5,Cardines,0,4.4,4.5,2025,Crystal Palace
488024,712,Yéremy,Pino Santos,MID,8,31,77,2074,2,2,3,331,-0.2,2.3,0.2,137024,120639,13.3,Yeremy,7,5.8,6.0,2025,Crystal Palace
651426,723,Jaydee,Canvot,DEF,8,31,72,1331,0,0,9,216,0.0,3.6,0.5,95627,35276,16.0,Canvot,5,4.5,4.5,2025,Crystal Palace
660392,732,Christantus,Uche,FWD,8,31,17,159,0,1,0,42,0.0,1.2,0.1,15881,12296,3.1,Uche,0,5.5,5.5,2025,Crystal Palace
672492,762,Joél,Drakes-Thomas,MID,8,31,2,7,0,0,0,6,0.0,1.0,0.0,919,594,0.4,Drakes-Thomas,0,4.5,4.5,2025,Crystal Palace
643426,773,Dean,Benamar,DEF,8,31,0,0,0,0,0,0,0.0,0.0,0.0,1014,848,0.0,Benamar,0,4.0,4.0,2025,Crystal Palace
631106,780,Ben,Casey,FWD,8,31,0,0,0,0,0,0,0.0,0.0,0.0,4166,2510,0.0,Casey,0,4.5,4.5,2025,Crystal Palace
591384,793,George,King,DEF,8,31,0,0,0,0,0,0,0.0,0.0,0.0,2009,1171,0.0,King,0,4.0,4.0,2025,Crystal Palace
502988,798,Danny,Imray,DEF,8,31,0,0,0,0,0,0,0.0,0.0,0.0,142,203,0.0,Imray,0,4.0,4.0,2025,Crystal Palace
215413,242,Kiernan,Dewsbury-Hall,MID,9,11,151,2629,8,7,18,598,0.3,4.9,7.9,2694422,2222489,28.5,Dewsbury-Hall,8,5.3,5.0,2025,Everton
550615,243,Tyrique,George,MID,9,11,16,351,0,0,0,55,-0.2,1.1,0.1,9774,11617,3.3,George,1,4.8,5.0,2025,Everton
111234,287,Jordan,Pickford,GK,9,11,135,3420,0,0,11,545,0.1,3.6,13.0,1944492,1757209,24.1,Pickford,11,5.6,5.5,2025,Everton
229600,288,Mark,Travers,GK,9,11,0,0,0,0,0,0,-0.3,0.0,0.1,5298,13044,0.0,Travers,0,4.2,4.5,2025,Everton
447325,289,Harry,Tyrer,GK,9,11,0,0,0,0,0,0,-0.1,0.0,0.1,4633,10893,0.0,Tyrer,0,3.9,4.0,2025,Everton
480455,290,Jarrad,Branthwaite,DEF,9,11,32,678,1,1,0,108,-0.2,3.2,0.3,73030,124054,6.0,Branthwaite,1,5.3,5.5,2025,Everton
17761,291,James,Tarkowski,DEF,9,11,170,3330,2,3,12,592,0.3,4.6,12.6,3169894,2418718,29.3,Tarkowski,11,5.8,5.5,2025,Everton
224967,292,Vitalii,Mykolenko,DEF,9,11,95,2959,0,1,2,350,-0.1,2.9,0.7,183560,205599,19.4,Mykolenko,9,4.9,5.0,2025,Everton
512462,293,Jake,O'Brien,DEF,9,11,116,3118,1,3,2,368,-0.1,3.1,0.7,211174,198173,23.7,O'Brien,10,4.9,5.0,2025,Everton
59949,294,Séamus,Coleman,DEF,9,11,5,19,0,0,0,13,-0.3,1.0,0.1,7576,18518,1.2,Coleman,0,4.2,4.5,2025,Everton
106611,295,Michael,Keane,DEF,9,11,131,2588,3,1,8,404,0.0,4.0,3.1,1597347,1269888,29.1,Keane,7,4.5,4.5,2025,Everton
243571,296,Nathan,Patterson,DEF,9,11,22,238,0,0,0,67,-0.1,3.1,0.0,6247,7533,5.0,Patterson,2,4.4,4.5,2025,Everton
496178,297,Roman,Dixon,DEF,9,11,0,0,0,0,0,0,-0.2,0.0,0.2,9298,22747,0.0,Dixon,0,3.8,4.0,2025,Everton
474907,298,Reece,Welch,DEF,9,11,0,0,0,0,0,0,-0.2,0.0,0.1,8882,16325,0.0,Welch,0,3.8,4.0,2025,Everton
440993,299,Iliman,Ndiaye,MID,9,11,128,2781,6,3,7,540,-0.2,4.0,4.7,1987193,2706216,20.3,Ndiaye,8,6.3,6.5,2025,Everton
433154,300,Dwight,McNeil,MID,9,11,53,1161,0,3,1,186,-0.5,2.4,0.1,37045,68508,9.6,McNeil,6,5.5,6.0,2025,Everton
502697,301,Carlos,Alcaraz Durán,MID,9,11,29,679,0,1,0,121,-0.3,1.4,0.1,17382,30363,5.6,Alcaraz,3,5.2,5.5,2025,Everton
80801,302,Idrissa Gana,Gueye,MID,9,11,83,2094,2,3,4,419,-0.1,3.3,0.1,30050,34661,15.4,Gana,5,5.4,5.5,2025,Everton
232928,303,James,Garner,MID,9,11,159,3413,2,7,13,818,0.2,4.2,3.6,1336447,907926,30.6,Garner,11,5.2,5.0,2025,Everton
490094,304,Tim,Iroegbunam,MID,9,11,68,1477,0,3,1,225,-0.2,2.3,0.0,6326,7302,14.2,Iroegbunam,8,4.8,5.0,2025,Everton
609873,305,Harrison,Armstrong,MID,9,11,21,524,0,0,0,84,0.0,1.6,0.1,14189,21170,4.7,Armstrong,1,4.5,4.5,2025,Everton
547801,306,Callum,Bates,MID,9,11,0,0,0,0,0,0,-0.2,0.0,0.1,16354,17402,0.0,Bates,0,4.3,4.5,2025,Everton
504296,307,Coby,Ebere,MID,9,11,0,0,0,0,0,0,-0.1,0.0,0.0,5345,6919,0.0,Ebere,0,4.4,4.5,2025,Everton
496279,308,Isaac,Heath,MID,9,11,0,0,0,0,0,0,0.0,0.0,0.0,458,3784,0.0,Heath,0,4.5,4.5,2025,Everton
491557,309,Jenson,Metcalfe,MID,9,11,0,0,0,0,0,0,0.0,0.0,0.0,0,115,0.0,Metcalfe,0,4.5,4.5,2025,Everton
586309,310,Thierno,Barry,FWD,9,11,95,1898,8,0,9,295,-0.3,2.5,0.8,335668,334309,16.7,Barry,7,5.7,6.0,2025,Everton
486385,311,Norberto Bercique,Gomes Betuncal,FWD,9,11,104,1551,9,1,15,343,-0.4,2.8,3.3,731149,1274318,20.4,Beto,5,5.1,5.5,2025,Everton
491012,312,Youssef,Ramalho Chermiti,FWD,9,11,0,0,0,0,0,0,-0.1,0.0,0.1,2418,14587,0.0,Y.Chermiti,0,4.9,5.0,2025,Everton
536241,313,Martin,Sherif,FWD,9,11,0,0,0,0,0,0,-0.1,0.0,0.1,9203,26881,0.0,Sherif,0,4.4,4.5,2025,Everton
114283,419,Jack,Grealish,MID,9,11,79,1627,2,6,12,356,-0.2,4.0,5.6,3790856,3796814,12.5,Grealish,7,6.3,6.5,2025,Everton
138001,630,Tom,King,GK,9,11,0,0,0,0,0,0,-0.1,0.0,1.2,73933,109504,0.0,King,0,3.9,4.0,2025,Everton
499300,667,Adam,Aznou,DEF,9,11,0,0,0,0,0,0,-0.3,0.0,0.1,3169,12955,0.0,Aznou,0,4.2,4.5,2025,Everton
461446,704,Tyler,Onyango,MID,9,11,0,0,0,0,0,0,0.0,0.0,0.0,8420,10280,0.0,Onyango,0,4.5,4.5,2025,Everton
491745,705,Elijah,Campbell,DEF,9,11,0,0,0,0,0,0,-0.1,0.0,0.1,18604,18019,0.0,Campbell,0,3.9,4.0,2025,Everton
496661,707,Tyler,Dibling,MID,9,11,18,349,0,0,0,49,-0.2,1.3,0.0,8100,7691,3.4,Dibling,2,5.3,5.5,2025,Everton
513466,728,Merlin,Röhl,MID,9,11,36,675,1,1,2,98,0.0,2.2,0.0,3065,2038,7.2,Röhl,2,5.0,5.0,2025,Everton
629068,779,Braiden,Graham,FWD,9,11,0,0,0,0,0,0,0.0,0.0,0.0,6348,3871,0.0,Graham,0,4.5,4.5,2025,Everton
80201,314,Bernd,Leno,GK,10,54,122,3420,0,0,8,556,0.0,3.2,2.3,415185,334592,24.4,Leno,9,5.0,5.0,2025,Fulham
428971,315,Steven,Benda,GK,10,54,0,0,0,0,0,0,0.0,0.0,0.0,577,945,0.0,Benda,0,4.0,4.0,2025,Fulham
169528,316,Antonee,Robinson,DEF,10,54,65,1487,1,0,7,280,-0.1,3.0,0.9,217076,219920,13.3,Robinson,4,4.9,5.0,2025,Fulham
174874,317,Joachim,Andersen,DEF,10,54,123,2882,0,1,8,424,-0.1,3.7,2.8,1615116,1605514,28.0,Andersen,8,4.4,4.5,2025,Fulham
232892,318,Calvin,Bassey,DEF,10,54,103,2532,1,1,9,392,-0.1,3.4,0.8,218504,178587,23.4,Bassey,7,4.4,4.5,2025,Fulham
166477,319,Timothy,Castagne,DEF,10,54,61,1838,0,2,3,294,-0.2,2.0,0.2,34783,30643,14.2,Castagne,3,4.3,4.5,2025,Fulham
219924,320,Issa,Diop,DEF,10,54,31,812,1,0,3,103,-0.2,2.4,0.1,9196,12737,7.2,Diop,1,4.3,4.5,2025,Fulham
246301,321,Jorge,Cuenca Barreno,DEF,10,54,39,935,0,0,1,155,-0.2,2.6,0.1,7120,8596,9.1,J.Cuenca,2,4.3,4.5,2025,Fulham
167074,322,Kenny,Tete,DEF,10,54,81,1791,1,0,5,318,0.0,3.7,0.2,182447,182321,18.0,Tete,6,4.5,4.5,2025,Fulham
591385,323,Samuel,Amissah,DEF,10,54,0,0,0,0,0,0,-0.2,0.0,0.1,10552,18712,0.0,Amissah,0,3.8,4.0,2025,Fulham
153133,324,Alex,Iwobi,MID,10,54,103,2420,4,3,13,508,-0.4,3.6,1.1,594538,653863,16.9,Iwobi,5,6.1,6.5,2025,Fulham
209289,325,Emile,Smith Rowe,MID,10,54,80,1909,3,1,1,351,-0.4,2.2,0.5,172249,228192,14.3,Smith Rowe,6,5.6,6.0,2025,Fulham
156689,327,Andreas,Hoelgebaum Pereira,MID,10,54,0,0,0,0,0,0,-0.2,0.0,0.1,2438,35658,0.0,Andreas,0,5.3,5.5,2025,Fulham
184349,328,Ryan,Sessegnon,MID,10,54,95,1816,3,3,8,332,-0.1,3.5,0.1,148420,143996,17.6,Sessegnon,6,5.4,5.5,2025,Fulham
153682,329,Harry,Wilson,MID,10,54,168,2674,10,9,21,637,0.3,4.7,17.4,6013826,3902308,29.0,Wilson,9,5.8,5.5,2025,Fulham
207189,330,Sander,Berge,MID,10,54,91,2904,0,3,3,503,-0.1,2.6,0.1,14400,15756,18.6,Berge,8,4.9,5.0,2025,Fulham
76357,331,Tom,Cairney,MID,10,54,41,756,2,0,1,181,-0.2,1.7,0.0,3188,5184,8.5,Cairney,2,4.8,5.0,2025,Fulham
212314,332,Saša,Lukić,MID,10,54,67,1730,1,4,4,314,-0.1,2.6,0.1,16870,20046,13.7,Lukić,6,4.9,5.0,2025,Fulham
573062,333,Martial,Godo,MID,10,54,0,0,0,0,0,0,0.0,0.0,0.0,898,6644,0.0,Godo,0,4.5,4.5,2025,Fulham
515024,334,Luke,Harris,MID,10,54,0,0,0,0,0,0,0.0,0.0,0.0,0,316,0.0,Harris,0,4.5,4.5,2025,Fulham
577725,335,Josh,King,MID,10,54,63,1290,1,3,3,225,-0.1,2.0,1.6,1013414,940159,14.3,King,5,4.4,4.5,2025,Fulham
153366,336,Harrison,Reed,MID,10,54,15,89,1,0,2,48,-0.2,2.1,0.3,90313,86799,3.5,Reed,0,4.3,4.5,2025,Fulham
102057,337,Raúl,Jiménez Rodríguez,FWD,10,54,112,2183,9,5,7,410,-0.6,3.1,1.8,895899,942139,19.0,Raúl,9,5.9,6.5,2025,Fulham
244042,338,Rodrigo,Muniz Carvalho,FWD,10,54,36,987,1,1,3,94,-0.2,1.7,0.7,274886,446903,6.8,Muniz,3,5.3,5.5,2025,Fulham
477555,424,Oscar,Bobb,MID,10,54,42,1030,0,2,0,182,-0.4,1.8,0.2,93356,103428,8.2,Bobb,4,5.1,5.5,2025,Fulham
86873,664,Benjamin,Lecomte,GK,10,54,0,0,0,0,0,0,-0.1,0.0,0.7,44786,60044,0.0,Lecomte,0,3.9,4.0,2025,Fulham
218328,727,Samuel,Chukwueze,MID,10,54,62,1067,3,4,1,242,-0.2,2.7,0.1,103284,97303,11.7,Chukwueze,2,5.3,5.5,2025,Fulham
560552,731,Kevin,Santos Lopes de Macedo,MID,10,54,49,1030,1,3,0,183,-0.3,1.9,0.1,35332,32474,8.6,Kevin,4,5.7,6.0,2025,Fulham
631786,737,Jonah,Kusi-Asare,FWD,10,54,6,49,0,0,0,19,0.0,0.9,0.1,23636,19066,1.3,Kusi-Asare,0,4.5,4.5,2025,Fulham
619536,770,Seth,Ridgeon,MID,10,54,0,0,0,0,0,0,0.0,0.0,0.0,957,630,0.0,Ridgeon,0,4.5,4.5,2025,Fulham
505079,786,Alfie,McNally,GK,10,54,0,0,0,0,0,0,0.0,0.0,0.0,1175,681,0.0,McNally,0,4.0,4.0,2025,Fulham
536916,168,Facundo,Buonanotte,MID,11,2,3,81,0,0,0,9,-0.4,0.8,0.1,18275,31776,0.7,Buonanotte,0,4.6,5.0,2025,Leeds
437495,339,Illan,Meslier,GK,11,2,0,0,0,0,0,0,-0.4,0.0,0.3,15916,66623,0.0,Meslier,0,4.1,4.5,2025,Leeds
97846,340,Alex,Cairns,GK,11,2,0,0,0,0,0,0,-0.1,0.0,0.1,9292,16620,0.0,Cairns,0,3.9,4.0,2025,Leeds
59735,341,Karl,Darlow,GK,11,2,71,1980,0,0,3,334,0.0,3.2,6.9,941650,395339,17.8,Darlow,5,4.0,4.0,2025,Leeds
226182,342,Jayden,Bogle,DEF,11,2,96,2795,1,5,1,311,-0.1,2.8,0.4,144807,114973,21.8,Bogle,6,4.4,4.5,2025,Leeds
222694,343,Pascal,Struijk,DEF,11,2,108,2935,0,1,4,412,-0.3,3.2,1.9,573988,378934,25.7,Struijk,7,4.2,4.5,2025,Leeds
434752,344,Jaka,Bijol,DEF,11,2,99,1888,1,3,6,323,-0.1,4.0,1.3,295633,157310,25.4,Bijol,5,3.9,4.0,2025,Leeds
437738,345,Sebastiaan,Bornauw,DEF,11,2,25,429,0,0,0,73,-0.2,2.1,0.1,24820,21277,6.6,Bornauw,2,3.8,4.0,2025,Leeds
113564,346,Sam,Byram,DEF,11,2,2,8,0,0,0,1,-0.3,1.0,0.4,64643,46209,0.5,Byram,0,3.7,4.0,2025,Leeds
243526,347,Gabriel,Gudmundsson,DEF,11,2,68,2637,0,0,8,286,-0.2,2.1,2.5,1004619,1050434,17.9,Gudmundsson,5,3.8,4.0,2025,Leeds
214225,348,Joe,Rodon,DEF,11,2,109,2952,2,0,5,373,-0.1,3.1,3.0,1251264,1164785,27.9,Rodon,6,3.9,4.0,2025,Leeds
492368,349,Isaac,Schmidt,DEF,11,2,0,0,0,0,0,0,0.0,0.0,0.1,788,16100,0.0,Schmidt,0,4.0,4.0,2025,Leeds
427637,350,Brenden,Aaronson,MID,11,2,126,2449,4,8,5,446,-0.1,3.4,0.8,380284,301090,23.3,Aaronson,9,5.4,5.5,2025,Leeds
492859,351,Wilfried,Gnonto,MID,11,2,32,521,0,3,0,134,-0.4,1.4,0.1,10774,41507,6.3,Gnonto,1,5.1,5.5,2025,Leeds
221399,352,Jack,Harrison,MID,11,2,12,262,0,0,0,51,-0.4,1.1,0.0,6000,18812,2.4,Harrison,0,5.1,5.5,2025,Leeds
200617,353,Daniel,James,MID,11,2,23,547,0,0,0,93,-0.3,1.2,0.1,9414,53603,4.4,James,1,5.2,5.5,2025,Leeds
199598,354,Ethan,Ampadu,MID,11,2,134,3119,1,4,11,586,-0.1,3.8,0.6,158478,94226,27.3,Ampadu,8,4.9,5.0,2025,Leeds
248937,355,Sam,Greenwood,MID,11,2,0,0,0,0,0,0,-0.1,0.0,0.0,1234,10158,0.0,Greenwood,0,4.9,5.0,2025,Leeds
486520,356,Ilia,Gruev,MID,11,2,56,1318,0,4,3,245,-0.3,2.4,0.1,23047,21305,11.9,Gruev,5,4.7,5.0,2025,Leeds
433952,357,Largie,Ramazani,MID,11,2,0,0,0,0,0,0,-0.1,0.0,0.0,203,4347,0.0,Ramazani,0,4.9,5.0,2025,Leeds
248056,358,Tanaka,Ao,MID,11,2,67,1307,2,1,4,288,-0.2,2.4,0.2,62165,68779,14.0,Tanaka,3,4.8,5.0,2025,Leeds
536119,359,Charlie,Crew,MID,11,2,0,0,0,0,0,0,0.0,0.0,0.0,0,980,0.0,Crew,0,4.5,4.5,2025,Leeds
462635,360,Joe,Gelhardt,MID,11,2,0,0,0,0,0,0,0.0,0.0,0.0,0,2913,0.0,Gelhardt,0,4.5,4.5,2025,Leeds
470294,361,Darko,Gyabi,MID,11,2,0,0,0,0,0,0,0.0,0.0,0.0,1165,8468,0.0,Gyabi,0,4.5,4.5,2025,Leeds
235826,362,Joël,Piroe,FWD,11,2,17,244,0,0,0,42,-0.6,1.1,0.3,40417,222523,3.5,Piroe,1,4.9,5.5,2025,Leeds
106617,363,Patrick,Bamford,FWD,11,2,0,0,0,0,0,0,-0.1,0.0,0.3,16144,203440,0.0,Bamford,0,4.9,5.0,2025,Leeds
565297,364,Mateo,Joseph Fernández-Regatillo,FWD,11,2,0,0,0,0,0,0,0.0,0.0,0.0,0,2431,0.0,Mateo Joseph,0,5.0,5.0,2025,Leeds
174594,365,Lukas,Nmecha,FWD,11,2,73,1065,6,1,8,268,0.0,2.4,0.5,220306,234636,14.6,Nmecha,3,5.0,5.0,2025,Leeds
180135,493,Sean,Longstaff,MID,11,2,56,1003,2,2,5,273,-0.2,2.4,0.2,179724,184050,11.7,Longstaff,1,4.8,5.0,2025,Leeds
466525,660,Anton,Stach,MID,11,2,137,2369,5,6,14,550,-0.2,4.7,1.7,1265159,1110797,28.5,Stach,7,4.8,5.0,2025,Leeds
201595,665,Lucas Estella,Perri,GK,11,2,43,1440,0,0,3,153,-0.1,2.7,0.3,55482,74186,9.8,Perri,3,4.4,4.5,2025,Leeds
177815,691,Dominic,Calvert-Lewin,FWD,11,2,142,2721,14,2,20,472,0.3,4.1,13.7,4388816,2672427,24.5,Calvert-Lewin,8,5.8,5.5,2025,Leeds
435997,698,Noah,Okafor,MID,11,2,109,1553,8,3,11,354,0.0,3.9,0.9,573381,462800,19.8,Okafor,6,5.5,5.5,2025,Leeds
220627,706,James,Justin,DEF,11,2,94,1893,2,1,9,338,0.0,3.2,2.3,418683,145369,23.5,Justin,6,4.0,4.0,2025,Leeds
600882,741,Harry,Gray,FWD,11,2,0,0,0,0,0,0,0.0,0.0,0.1,27606,24948,0.0,Gray,0,4.5,4.5,2025,Leeds
565863,787,Sam,Chambers,MID,11,2,0,0,0,0,0,0,-0.1,0.0,0.0,3015,1808,0.0,Chambers,0,4.4,4.5,2025,Leeds
643970,837,Jayden,Lienou,DEF,11,2,0,0,0,0,0,0,0.0,0.0,0.0,127,40,0.0,Lienou,0,4.0,4.0,2025,Leeds
577978,838,Rhys,Chadwick,MID,11,2,0,0,0,0,0,0,0.0,0.0,0.0,165,49,0.0,Chadwick,0,4.5,4.5,2025,Leeds
592740,839,Alfie,Cresswell,MID,11,2,0,0,0,0,0,0,0.0,0.0,0.0,79,4,0.0,Cresswell,0,4.5,4.5,2025,Leeds
116535,366,Alisson,Becker,GK,12,14,91,2340,0,0,8,389,-0.1,3.5,5.1,693536,1509765,16.9,A.Becker,8,5.4,5.5,2025,Liverpool
449027,367,Giorgi,Mamardashvili,GK,12,14,34,867,0,0,2,139,-0.4,3.4,0.7,203916,200106,8.3,Mamardashvili,2,4.1,4.5,2025,Liverpool
586268,368,Ármin,Pécsi,GK,12,14,0,0,0,0,0,0,-0.2,0.0,0.9,175882,87171,0.0,Pécsi,0,3.8,4.0,2025,Liverpool
155503,369,Freddie,Woodman,GK,12,14,6,212,0,0,0,34,-0.1,2.0,0.3,62212,37092,1.5,Woodman,0,3.9,4.0,2025,Liverpool
216094,370,Jeremie,Frimpong,DEF,12,14,63,1032,0,5,1,237,-0.3,3.0,4.9,716322,3446807,11.1,Frimpong,5,5.7,6.0,2025,Liverpool
544877,371,Milos,Kerkez,DEF,12,14,85,2251,2,1,4,357,-0.4,2.5,2.9,386883,855051,15.2,Kerkez,6,5.6,6.0,2025,Liverpool
122798,372,Andrew,Robertson,DEF,12,14,55,1165,1,0,4,216,-0.3,2.3,1.2,89505,145824,9.6,Robertson,4,5.7,6.0,2025,Liverpool
97032,373,Virgil,van Dijk,DEF,12,14,175,3420,6,1,10,593,0.1,4.6,31.5,5365152,4641131,28.7,Virgil,10,6.1,6.0,2025,Liverpool
204716,374,Ibrahima,Konaté,DEF,12,14,129,3090,1,0,8,532,-0.1,3.6,3.8,928187,902913,23.9,Konaté,10,5.4,5.5,2025,Liverpool
492777,375,Conor,Bradley,DEF,12,14,42,928,0,2,2,157,-0.1,2.8,0.1,62835,72643,8.6,Bradley,4,4.9,5.0,2025,Liverpool
171287,376,Joe,Gomez,DEF,12,14,33,594,0,2,2,94,-0.1,1.6,0.2,25675,31479,6.7,Gomez,2,4.9,5.0,2025,Liverpool
214285,377,Konstantinos,Tsimikas,DEF,12,14,0,0,0,0,0,0,-0.2,0.0,0.0,1669,12313,0.0,Tsimikas,0,4.8,5.0,2025,Liverpool
611926,378,Amara,Nallo,DEF,12,14,0,0,0,0,0,0,-0.3,0.0,0.9,234622,155038,0.0,Nallo,0,3.7,4.0,2025,Liverpool
219937,379,Rhys,Williams,DEF,12,14,0,0,0,0,0,0,-0.3,0.0,0.5,104331,71655,0.0,R.Williams,0,3.7,4.0,2025,Liverpool
489580,380,Calvin,Ramsay,DEF,12,14,0,0,0,0,0,0,-0.3,0.0,0.3,41615,36522,0.0,Ramsay,0,3.7,4.0,2025,Liverpool
118748,381,Mohamed,Salah,MID,12,14,123,2144,7,7,11,392,-0.5,4.6,15.2,1789545,6177531,8.8,M.Salah,7,14.0,14.5,2025,Liverpool
494595,382,Florian,Wirtz,MID,12,14,125,2374,5,4,17,521,-0.2,3.8,8.5,2369824,5034345,15.1,Wirtz,10,8.3,8.5,2025,Liverpool
244731,383,Luis,Díaz Marulanda,MID,12,14,0,0,0,0,0,0,0.0,0.0,0.0,0,7389,0.0,Luis Díaz,0,8.0,8.0,2025,Liverpool
243298,384,Cody,Gakpo,MID,12,14,131,2736,7,5,5,449,-0.2,3.6,5.6,3563681,3938706,17.9,Gakpo,10,7.3,7.5,2025,Liverpool
223541,385,Federico,Chiesa,MID,12,14,37,317,2,1,0,135,-0.2,1.4,0.3,57386,70435,5.9,Chiesa,0,6.3,6.5,2025,Liverpool
243016,386,Alexis,Mac Allister,MID,12,14,108,2654,2,5,9,490,-0.4,2.9,1.8,392604,427095,17.7,Mac Allister,7,6.1,6.5,2025,Liverpool
424876,387,Dominik,Szoboszlai,MID,12,14,160,3232,6,7,21,780,0.6,4.4,15.1,3723042,2174292,22.5,Szoboszlai,9,7.1,6.5,2025,Liverpool
206915,388,Curtis,Jones,MID,12,14,81,1923,1,3,6,447,-0.1,2.4,0.1,31960,36907,15.0,C.Jones,3,5.4,5.5,2025,Liverpool
441266,390,Ryan,Gravenberch,MID,12,14,144,2991,5,5,17,671,-0.1,4.0,3.7,2106193,1769549,26.7,Gravenberch,9,5.4,5.5,2025,Liverpool
158983,392,Endo,Wataru,MID,12,14,12,170,0,1,0,49,-0.1,1.5,0.1,7428,15517,2.4,Endo,1,4.9,5.0,2025,Liverpool
535928,393,Stefan,Bajčetić Maquieira,MID,12,14,0,0,0,0,0,0,-0.3,0.0,0.2,43880,23591,0.0,Bajcetic,0,4.2,4.5,2025,Liverpool
491501,394,James,McConnell,MID,12,14,0,0,0,0,0,0,-0.1,0.0,0.0,1737,4136,0.0,McConnell,0,4.4,4.5,2025,Liverpool
440148,395,Tyler,Morton,MID,12,14,0,0,0,0,0,0,0.0,0.0,0.0,0,362,0.0,Morton,0,4.5,4.5,2025,Liverpool
591386,396,Trey,Nyoni,MID,12,14,6,21,0,0,0,11,-0.2,1.0,0.3,99712,87668,1.4,Nyoni,0,4.3,4.5,2025,Liverpool
447203,397,Darwin,Núñez Ribeiro,FWD,12,14,0,0,0,0,0,0,0.0,0.0,0.1,0,15993,0.0,Darwin,0,6.5,6.5,2025,Liverpool
500058,398,Jayden,Danns,FWD,12,14,0,0,0,0,0,0,-0.2,0.0,0.1,9853,20477,0.0,Danns,0,4.3,4.5,2025,Liverpool
219168,499,Alexander,Isak,FWD,12,14,41,694,3,1,4,140,-0.2,2.9,3.8,1943087,2527246,4.0,Isak,1,10.3,10.5,2025,Liverpool
510663,661,Hugo,Ekitiké,FWD,12,14,125,1797,11,4,22,433,0.5,4.5,15.7,9187479,9633120,13.9,Ekitiké,7,9.0,8.5,2025,Liverpool
611922,686,Rio,Ngumoha,MID,12,14,43,547,2,1,4,188,-0.2,2.3,1.4,389465,234010,10.0,Ngumoha,2,4.3,4.5,2025,Liverpool
647681,692,Giovanni,Leoni,DEF,12,14,0,0,0,0,0,0,-0.1,0.0,0.0,2052,2636,0.0,Leoni,0,4.9,5.0,2025,Liverpool
596042,746,Kieran,Morrison,MID,12,14,0,0,0,0,0,0,0.0,0.0,0.0,1220,1010,0.0,Morrison,0,4.5,4.5,2025,Liverpool
519440,760,Wellity,Lucky,DEF,12,14,0,0,0,0,0,0,0.0,0.0,0.0,1450,1285,0.0,Lucky,0,4.0,4.0,2025,Liverpool
677945,830,Will,Wright,FWD,12,14,0,0,0,0,0,0,0.0,0.0,0.0,604,179,0.0,Wright,0,4.5,4.5,2025,Liverpool
718875,832,Talla,Ndiaye,DEF,12,14,0,0,0,0,0,0,0.0,0.0,0.0,273,57,0.0,Ndiaye,0,4.0,4.0,2025,Liverpool
437730,82,Antoine,Semenyo,MID,13,43,202,3200,17,6,18,678,1.0,5.5,46.2,12955429,8639305,25.2,Semenyo,12,8.0,7.0,2025,Man City
432720,182,James,Trafford,GK,13,43,13,360,0,0,0,67,-0.5,3.2,0.9,102469,276190,2.9,Trafford,1,4.5,5.0,2025,Man City
209036,260,Marc,Guéhi,DEF,13,43,179,3150,3,5,14,688,0.6,5.1,32.6,6708601,4328970,35.1,Guéhi,14,5.1,4.5,2025,Man City
121160,399,Ederson,Santana de Moraes,GK,13,43,0,0,0,0,0,0,-0.2,0.0,0.8,15200,274123,0.0,Ederson M.,0,5.3,5.5,2025,Man City
122074,401,Marcus,Bettinelli,GK,13,43,0,0,0,0,0,0,-0.2,0.0,0.4,72915,57129,0.0,Bettinelli,0,3.8,4.0,2025,Man City
448514,402,Rayan,Aït-Nouri,DEF,13,43,60,971,0,2,9,237,-0.3,3.5,4.1,664479,2494969,10.5,Aït-Nouri,5,5.7,6.0,2025,Man City
477424,403,Joško,Gvardiol,DEF,13,43,79,1370,2,2,5,303,-0.2,4.4,3.2,1380358,2201303,13.6,Gvardiol,6,5.8,6.0,2025,Man City
211975,404,Manuel,Akanji,DEF,13,43,0,0,0,0,0,0,-0.1,0.0,0.3,9281,85774,0.0,Akanji,0,5.4,5.5,2025,Man City
126184,405,Nathan,Aké,DEF,13,43,36,686,0,0,1,151,-0.3,2.0,0.6,47785,89893,6.9,Aké,3,5.2,5.5,2025,Man City
578153,406,Abdukodir,Khusanov,DEF,13,43,67,1427,0,0,3,293,-0.1,3.2,0.7,121067,96765,12.4,Khusanov,6,5.4,5.5,2025,Man City
465351,407,Matheus,Nunes,DEF,13,43,154,2861,1,8,16,676,-0.2,4.5,2.9,1062481,789254,29.1,Matheus N.,12,5.3,5.5,2025,Man City
171314,408,Rúben,dos Santos Gato Alves Dias,DEF,13,43,113,2139,2,0,4,453,0.0,4.3,3.1,956468,1105716,20.5,Rúben,12,5.5,5.5,2025,Man City
97299,409,John,Stones,DEF,13,43,16,436,0,0,0,55,-0.1,1.8,0.6,57411,111982,3.0,Stones,1,5.4,5.5,2025,Man City
477064,410,Rico,Lewis,DEF,13,43,19,401,0,1,2,72,-0.4,1.7,1.2,372593,468786,4.1,Lewis,1,4.6,5.0,2025,Man City
472769,411,Nico,O'Reilly,DEF,13,43,160,2643,5,4,10,567,0.3,4.7,19.2,4540622,2118601,30.2,O'Reilly,14,5.3,5.0,2025,Man City
616222,412,Vitor,de Oliveira Nunes dos Reis,DEF,13,43,0,0,0,0,0,0,0.0,0.0,0.0,0,856,0.0,Vitor Reis,0,5.0,5.0,2025,Man City
438234,413,Omar,Marmoush,MID,13,43,56,691,3,3,5,182,-0.2,2.7,2.9,350835,1310361,6.7,Marmoush,4,8.3,8.5,2025,Man City
209244,414,Phil,Foden,MID,13,43,131,2078,7,5,13,563,0.0,4.0,7.8,6220998,5631206,16.4,Foden,11,8.0,8.0,2025,Man City
510281,415,Sávio,Moreira de Oliveira,MID,13,43,43,817,1,2,1,140,-0.1,1.8,0.4,37364,116057,6.2,Savinho,3,6.9,7.0,2025,Man City
165809,416,Bernardo,Mota Veiga de Carvalho e Silva,MID,13,43,102,2869,2,4,4,534,-0.3,2.7,0.7,134935,159793,16.5,Bernardo,13,6.2,6.5,2025,Man City
466052,417,Rayan,Cherki,MID,13,43,135,1772,4,13,16,580,0.0,4.1,17.4,4695485,3470637,20.8,Cherki,8,6.5,6.5,2025,Man City
248875,418,Jérémy,Doku,MID,13,43,120,1773,5,8,15,526,0.0,4.0,6.6,2759776,2167017,18.5,Doku,8,6.5,6.5,2025,Man City
59859,420,İlkay,Gündoğan,MID,13,43,0,0,0,0,0,0,-0.2,0.0,0.1,1928,19921,0.0,Gündoğan,0,6.3,6.5,2025,Man City
220566,421,Rodrigo 'Rodri',Hernandez Cascante,MID,13,43,69,1510,1,1,6,350,-0.2,3.3,0.5,72824,115049,11.0,Rodrigo,5,6.3,6.5,2025,Man City
91651,422,Mateo,Kovačić,MID,13,43,9,125,0,1,0,41,-0.2,1.5,0.0,3111,3697,1.6,Kovačić,0,5.8,6.0,2025,Man City
465694,423,Nico,González Iglesias,MID,13,43,63,1561,1,0,1,337,-0.1,2.5,0.1,28919,32144,10.7,N.Gonzalez,7,5.9,6.0,2025,Man City
575204,425,Claudio,Echeverri,MID,13,43,0,0,0,0,0,0,-0.1,0.0,0.0,194,3241,0.0,Echeverri,0,5.4,5.5,2025,Man City
433036,427,Tijjani,Reijnders,MID,13,43,92,1623,5,3,6,337,-0.5,3.3,8.9,3562667,5038594,18.4,Reijnders,7,5.0,5.5,2025,Man City
566164,428,Sverre,Nypan,MID,13,43,0,0,0,0,0,0,0.0,0.0,0.0,328,2697,0.0,Nypan,0,5.0,5.0,2025,Man City
155405,429,Kalvin,Phillips,MID,13,43,0,0,0,0,0,0,-0.3,0.0,0.1,4052,8585,0.0,Phillips,0,4.7,5.0,2025,Man City
223094,430,Erling,Haaland,FWD,13,43,239,2953,27,8,43,952,0.7,6.8,62.5,8764362,4565074,16.3,Haaland,13,14.7,14.0,2025,Man City
204936,736,Gianluigi,Donnarumma,GK,13,43,135,3060,0,0,5,567,0.1,4.0,9.3,2342969,1560137,24.1,Donnarumma,15,5.6,5.5,2025,Man City
590039,739,Divine,Mukasa,MID,13,43,2,25,0,0,0,5,-0.1,1.0,0.0,3500,3355,0.5,Mukasa,0,4.4,4.5,2025,Man City
566213,740,Stephen,Mfuni,DEF,13,43,0,0,0,0,0,0,-0.1,0.0,0.0,3208,4023,0.0,Mfuni,0,3.9,4.0,2025,Man City
616288,742,Ryan,McAidoo,MID,13,43,0,0,0,0,0,0,0.0,0.0,0.0,1704,1467,0.0,McAidoo,0,4.5,4.5,2025,Man City
516234,763,Charlie,Gray,MID,13,43,0,0,0,0,0,0,0.0,0.0,0.0,577,457,0.0,Gray,0,4.5,4.5,2025,Man City
580921,764,Reigan,Heskey,MID,13,43,0,0,0,0,0,0,0.0,0.0,0.0,349,279,0.0,Heskey,0,4.5,4.5,2025,Man City
494307,794,Max,Alleyne,DEF,13,43,5,135,0,0,0,27,-0.6,2.5,0.0,5494,5081,1.3,Alleyne,0,3.9,4.5,2025,Man City
446008,119,Bryan,Mbeumo,MID,14,1,148,2611,11,3,16,528,0.3,4.5,15.0,7366637,7325105,17.8,Mbeumo,8,8.3,8.0,2025,Man Utd
451302,431,Altay,Bayındır,GK,14,1,11,540,0,0,0,49,-0.3,1.8,0.3,39170,64699,2.3,Bayindir,0,4.7,5.0,2025,Man Utd
202641,432,André,Onana,GK,14,1,0,0,0,0,0,0,-0.1,0.0,0.1,5156,26687,0.0,Onana,0,4.9,5.0,2025,Man Utd
588555,433,Elyh,Harrison,GK,14,1,0,0,0,0,0,0,0.0,0.0,0.0,0,256,0.0,Harrison,0,4.0,4.0,2025,Man Utd
21205,434,Tom,Heaton,GK,14,1,0,0,0,0,0,0,-0.2,0.0,0.6,73222,38541,0.0,Heaton,0,3.8,4.0,2025,Man Utd
461537,435,Dermot,Mee,GK,14,1,0,0,0,0,0,0,-0.1,0.0,0.1,5954,9566,0.0,Mee,0,3.9,4.0,2025,Man Utd
209365,436,Matthijs,de Ligt,DEF,14,1,43,1170,1,0,5,169,-0.1,3.3,1.8,419902,553255,8.8,De Ligt,1,4.9,5.0,2025,Man Utd
221820,437,Lisandro,Martínez,DEF,14,1,51,1229,0,0,3,241,-0.2,2.8,0.4,177499,157689,10.6,Martinez,5,4.8,5.0,2025,Man Utd
230001,438,Noussair,Mazraoui,DEF,14,1,53,977,0,0,6,233,-0.1,2.6,0.3,47395,61652,10.8,Mazraoui,5,4.9,5.0,2025,Man Utd
661712,439,Diego,León Blanco,DEF,14,1,0,0,0,0,0,0,-0.4,0.0,0.1,3714,8932,0.0,D.Leon,0,4.1,4.5,2025,Man Utd
216051,440,Diogo,Dalot Teixeira,DEF,14,1,111,2609,1,6,9,414,0.0,3.3,3.8,1183625,955610,24.7,Dalot,7,4.5,4.5,2025,Man Utd
596777,441,Patrick,Dorgu,DEF,14,1,95,1440,4,4,11,321,-0.4,3.7,2.4,1795401,2249436,23.2,Dorgu,4,4.1,4.5,2025,Man Utd
95658,442,Harry,Maguire,DEF,14,1,90,1649,1,2,5,315,-0.1,3.9,1.7,392863,292617,20.5,Maguire,7,4.4,4.5,2025,Man Utd
106760,443,Luke,Shaw,DEF,14,1,113,3220,1,1,3,449,0.0,3.0,1.1,262666,170962,25.1,Shaw,10,4.5,4.5,2025,Man Utd
550864,444,Leny,Yoro,DEF,14,1,56,1730,0,1,1,191,-0.4,1.8,1.2,228890,326156,13.7,Yoro,2,4.1,4.5,2025,Man Utd
577974,445,Harry,Amass,DEF,14,1,0,0,0,0,0,0,0.0,0.0,0.1,1160,14637,0.0,Amass,0,4.0,4.0,2025,Man Utd
547676,446,Tyler,Fredricson,DEF,14,1,1,2,0,0,0,4,-0.3,1.0,0.2,15468,17282,0.3,Fredricson,0,3.7,4.0,2025,Man Utd
606745,447,Ayden,Heaven,DEF,14,1,42,920,0,1,3,164,-0.3,2.5,2.6,619537,481085,11.4,Heaven,2,3.7,4.0,2025,Man Utd
222690,448,Tyrell,Malacia,DEF,14,1,3,15,0,0,0,6,-0.3,1.0,0.6,92496,70346,0.8,Malacia,0,3.7,4.0,2025,Man Utd
141746,449,Bruno,Borges Fernandes,MID,14,1,235,3065,9,24,41,1008,1.4,6.7,48.0,9239341,5871807,22.6,B.Fernandes,7,10.4,9.0,2025,Man Utd
430871,450,Matheus,Santos Carneiro da Cunha,MID,14,1,143,2493,10,4,14,591,0.1,4.3,8.7,3667224,3604413,17.7,Cunha,8,8.1,8.0,2025,Man Utd
176297,451,Marcus,Rashford,MID,14,1,0,0,0,0,0,0,0.0,0.0,0.0,0,2160,0.0,Rashford,0,7.0,7.0,2025,Man Utd
493250,452,Amad,Diallo,MID,14,1,91,2339,2,5,7,463,-0.3,2.8,1.3,451199,644246,14.7,Amad,6,6.2,6.5,2025,Man Utd
467169,454,Antony,dos Santos,MID,14,1,0,0,0,0,0,0,-0.1,0.0,0.1,1511,10762,0.0,Antony,0,5.9,6.0,2025,Man Utd
184341,455,Mason,Mount,MID,14,1,58,1010,3,0,3,201,-0.1,2.5,0.3,185755,200331,9.8,Mount,5,5.9,6.0,2025,Man Utd
61256,457,Carlos Henrique,Casimiro,MID,14,1,165,2575,9,4,20,636,0.3,4.9,3.8,1226002,802419,28.4,Casemiro,9,5.8,5.5,2025,Man Utd
516895,458,Kobbie,Mainoo,MID,14,1,73,1653,1,2,2,340,-0.3,2.6,1.4,304626,228683,15.5,Mainoo,6,4.7,5.0,2025,Man Utd
232112,459,Manuel,Ugarte Ribeiro,MID,14,1,38,876,0,0,0,183,-0.3,1.7,0.1,30749,40565,8.1,Ugarte,1,4.7,5.0,2025,Man Utd
490881,460,Toby,Collyer,MID,14,1,0,0,0,0,0,0,0.0,0.0,0.0,505,9707,0.0,Collyer,0,4.5,4.5,2025,Man Utd
556639,461,Jayce,Fitzgerald,MID,14,1,0,0,0,0,0,0,-0.2,0.0,0.0,4003,5450,0.0,Fitzgerald,0,4.3,4.5,2025,Man Utd
547037,462,Jack,Fletcher,MID,14,1,3,107,0,0,0,10,-0.2,1.0,0.1,15800,15248,0.7,J.Fletcher,0,4.3,4.5,2025,Man Utd
618873,463,Sékou,Koné,MID,14,1,0,0,0,0,0,0,-0.2,0.0,0.1,9069,13812,0.0,Kone,0,4.3,4.5,2025,Man Utd
559684,464,Jack,Moorhouse,MID,14,1,0,0,0,0,0,0,0.0,0.0,0.0,723,2880,0.0,Moorhouse,0,4.5,4.5,2025,Man Utd
497894,465,Rasmus,Højlund,FWD,14,1,0,0,0,0,0,0,-0.2,0.0,0.3,5437,56872,0.0,Højlund,0,6.3,6.5,2025,Man Utd
458249,466,Joshua,Zirkzee,FWD,14,1,42,607,2,1,6,146,-0.2,1.8,0.4,112749,133905,7.2,Zirkzee,2,5.8,6.0,2025,Man Utd
596047,467,Chido,Obi,FWD,14,1,0,0,0,0,0,0,-0.3,0.0,1.4,276612,392978,0.0,Obi,0,4.2,4.5,2025,Man Utd
575034,468,Ethan,Wheatley,FWD,14,1,0,0,0,0,0,0,0.0,0.0,0.1,4530,15008,0.0,Wheatley,0,4.5,4.5,2025,Man Utd
485711,681,Benjamin,Sesko,FWD,14,1,111,1630,11,2,19,405,-0.3,3.7,4.6,1377150,1876133,15.4,Šeško,2,7.2,7.5,2025,Man Utd
465247,733,Senne,Lammens,GK,14,1,109,2880,0,0,11,413,0.1,3.4,3.6,758836,397527,21.4,Lammens,8,5.1,5.0,2025,Man Utd
576628,755,Shea,Lacey,MID,14,1,3,40,0,0,0,9,0.0,1.0,0.0,4154,2979,0.7,Lacey,0,4.5,4.5,2025,Man Utd
576620,769,Bendito,Mantato,MID,14,1,1,15,0,0,0,3,0.0,1.0,0.0,589,424,0.2,Bendito Mantato,0,4.5,4.5,2025,Man Utd
519913,771,Tyler,Fletcher,MID,14,1,2,17,0,0,0,6,-0.1,1.0,0.0,2549,1732,0.5,Fletcher,0,4.4,4.5,2025,Man Utd
576637,788,Godwill,Kukonki,DEF,14,1,0,0,0,0,0,0,0.0,0.0,0.0,637,573,0.0,Kukonki,0,4.0,4.0,2025,Man Utd
576634,827,Jim,Thwaites,MID,14,1,0,0,0,0,0,0,0.0,0.0,0.0,118,35,0.0,Thwaites,0,4.5,4.5,2025,Man Utd
232653,52,Jacob,Ramsey,MID,15,4,62,1441,2,3,3,303,-0.2,2.2,0.3,38141,82368,11.7,J.Ramsey,1,5.3,5.5,2025,Newcastle
216646,135,Yoane,Wissa,FWD,15,4,27,517,1,1,0,70,-0.2,1.4,0.6,247877,461907,3.7,Wissa,1,7.3,7.5,2025,Newcastle
98747,469,Nick,Pope,GK,15,4,96,2416,0,1,3,414,0.0,3.6,4.5,1569571,1614872,19.2,Pope,7,5.0,5.0,2025,Newcastle
81441,471,Mark,Gillespie,GK,15,4,0,0,0,0,0,0,-0.1,0.0,0.1,7392,11599,0.0,Gillespie,0,3.9,4.0,2025,Newcastle
111452,472,Odysseas,Vlachodimos,GK,15,4,0,0,0,0,0,0,0.0,0.0,0.0,0,2530,0.0,Odysseas,0,4.0,4.0,2025,Newcastle
487838,473,Lewis,Hall,DEF,15,4,79,2176,1,2,4,347,-0.2,2.6,3.3,974490,796951,14.9,Hall,4,5.3,5.5,2025,Newcastle
119471,474,Fabian,Schär,DEF,15,4,51,1089,0,0,0,186,-0.3,3.2,1.1,297336,499632,9.8,Schär,4,5.2,5.5,2025,Newcastle
220237,475,Sven,Botman,DEF,15,4,89,1834,1,1,6,332,-0.1,3.6,0.5,106359,115014,18.2,Botman,5,4.9,5.0,2025,Newcastle
78916,476,Dan,Burn,DEF,15,4,93,2195,1,3,5,286,0.0,3.2,3.6,1584692,1706417,18.6,Burn,6,5.0,5.0,2025,Newcastle
441191,477,Tino,Livramento,DEF,15,4,59,1326,0,1,3,252,-0.1,3.5,1.8,1106595,1396148,12.0,Livramento,6,4.9,5.0,2025,Newcastle
77794,478,Kieran,Trippier,DEF,15,4,54,1586,0,1,2,225,-0.1,2.6,1.4,265222,388304,11.0,Trippier,5,4.9,5.0,2025,Newcastle
111773,479,Emil,Krafth,DEF,15,4,0,45,0,0,0,-8,-0.2,0.0,0.0,1757,5368,0.0,Krafth,0,4.3,4.5,2025,Newcastle
101148,480,Jamaal,Lascelles,DEF,15,4,1,19,0,0,0,0,-0.2,0.5,0.0,2754,9170,0.2,Lascelles,0,4.3,4.5,2025,Newcastle
545477,481,Alex,Murphy,DEF,15,4,2,7,0,0,0,3,-0.2,1.0,0.7,82574,109655,0.5,A.Murphy,0,3.8,4.0,2025,Newcastle
441024,482,Harrison,Ashby,DEF,15,4,0,0,0,0,0,0,-0.1,0.0,0.1,8541,17397,0.0,Ashby,0,3.9,4.0,2025,Newcastle
578512,483,Miodrag,Pivaš,DEF,15,4,0,0,0,0,0,0,-0.2,0.0,0.4,68422,53510,0.0,Pivas,0,3.8,4.0,2025,Newcastle
169359,484,Matt,Targett,DEF,15,4,0,0,0,0,0,0,0.0,0.0,0.1,3759,45695,0.0,Targett,0,4.0,4.0,2025,Newcastle
232826,485,Anthony,Gordon,MID,15,4,101,1798,6,4,10,352,-0.3,3.9,3.1,2428918,2303564,14.0,Gordon,8,7.2,7.5,2025,Newcastle
449434,486,Anthony,Elanga,MID,15,4,48,1302,0,1,0,179,-0.5,1.5,2.6,585258,1206243,7.4,Elanga,2,6.5,7.0,2025,Newcastle
201666,487,Harvey,Barnes,MID,15,4,106,1951,7,1,9,349,-0.4,2.9,1.3,804370,725659,17.4,Barnes,5,6.1,6.5,2025,Newcastle
208706,488,Bruno,Guimarães Rodriguez Moura,MID,15,4,154,2456,9,7,22,681,0.4,5.3,6.5,4385408,3885085,22.3,Bruno G.,6,6.9,6.5,2025,Newcastle
114243,489,Jacob,Murphy,MID,15,4,82,1606,3,2,5,314,-0.6,2.5,0.6,174198,355496,13.9,J.Murphy,8,5.9,6.5,2025,Newcastle
180974,490,Joelinton Cássio,Apolinário de Lira,MID,15,4,73,1950,2,1,2,304,-0.1,2.7,0.3,82462,112850,12.4,Joelinton,5,5.9,6.0,2025,Newcastle
432422,491,Sandro,Tonali,MID,15,4,81,2534,0,2,2,477,-0.2,2.3,1.0,230144,342254,15.3,Tonali,7,5.3,5.5,2025,Newcastle
640108,492,Antoñito,Cordero Campillo,MID,15,4,0,0,0,0,0,0,-0.1,0.0,0.0,655,3592,0.0,Antoñito C.,0,4.9,5.0,2025,Newcastle
200089,494,Joe,Willock,MID,15,4,38,972,0,2,0,166,0.0,1.6,0.1,15177,14496,7.6,Willock,3,5.0,5.0,2025,Newcastle
153127,495,Isaac,Hayden,MID,15,4,0,0,0,0,0,0,0.0,0.0,0.0,0,1613,0.0,Hayden,0,4.5,4.5,2025,Newcastle
564510,496,Garang,Kuol,MID,15,4,0,0,0,0,0,0,-0.1,0.0,0.0,2219,7454,0.0,Kuol,0,4.4,4.5,2025,Newcastle
547719,497,Lewis,Miley,MID,15,4,72,1493,1,4,5,334,-0.1,3.1,1.7,681491,770154,16.4,L.Miley,2,4.4,4.5,2025,Newcastle
461484,498,Joe,White,MID,15,4,0,0,0,0,0,0,0.0,0.0,0.0,117,1264,0.0,White,0,4.5,4.5,2025,Newcastle
538207,500,William,Osula,FWD,15,4,76,805,7,1,13,284,0.0,3.2,2.1,361759,125181,13.8,Osula,2,5.5,5.5,2025,Newcastle
599303,501,Sean,Neave,FWD,15,4,1,13,0,0,0,2,-0.2,1.0,0.3,27694,38624,0.2,Neave,0,4.3,4.5,2025,Newcastle
225321,674,Aaron,Ramsdale,GK,15,4,25,1003,0,0,1,107,-0.2,2.1,0.7,146098,177610,5.2,Ramsdale,1,4.8,5.0,2025,Newcastle
465642,684,Malick,Thiaw,DEF,15,4,126,2963,4,0,12,436,-0.1,3.6,4.7,1930326,1361374,25.7,Thiaw,5,4.9,5.0,2025,Newcastle
623110,689,Seung-Soo,Park,MID,15,4,0,0,0,0,0,0,-0.2,0.0,0.5,100830,70181,0.0,Seung soo,0,4.3,4.5,2025,Newcastle
470313,714,Nick,Woltemade,FWD,15,4,108,1896,8,4,12,399,-0.3,3.3,6.5,5489495,4844619,16.1,Woltemade,8,6.7,7.0,2025,Newcastle
19236,753,John,Ruddy,GK,15,4,0,0,0,0,0,0,0.0,0.0,0.0,2082,1365,0.0,Ruddy,0,4.0,4.0,2025,Newcastle
553746,765,Leo,Shahar,DEF,15,4,0,0,0,0,0,0,0.0,0.0,0.0,4880,3210,0.0,Shahar,0,4.0,4.0,2025,Newcastle
666607,772,Sam,Alabi,MID,15,4,0,0,0,0,0,0,0.0,0.0,0.0,829,531,0.0,Alabi,0,4.5,4.5,2025,Newcastle
206325,12,Oleksandr,Zinchenko,DEF,16,17,7,352,0,0,0,56,-0.1,1.4,0.2,26902,54106,1.4,Zinchenko,0,4.9,5.0,2025,Nott'm Forest
88248,400,Stefan,Ortega Moreno,GK,16,17,11,270,0,0,0,38,-0.3,3.7,0.2,14824,28131,2.3,Ortega Moreno,1,4.7,5.0,2025,Nott'm Forest
432714,426,James,McAtee,MID,16,17,17,288,0,1,0,60,-0.5,1.2,0.1,13870,27412,3.4,McAtee,0,5.0,5.5,2025,Nott'm Forest
85633,502,Matz,Sels,GK,16,17,105,2667,0,0,3,431,-0.4,3.4,5.0,495479,2082249,22.8,Sels,7,4.6,5.0,2025,Nott'm Forest
475123,503,Carlos Miguel,dos Santos Pereira,GK,16,17,0,0,0,0,0,0,0.0,0.0,0.1,448,15929,0.0,C.Miguel,0,4.0,4.0,2025,Nott'm Forest
224068,504,Matt,Turner,GK,16,17,0,0,0,0,0,0,0.0,0.0,0.1,0,16045,0.0,Turner,0,4.0,4.0,2025,Nott'm Forest
227444,505,Nikola,Milenković,DEF,16,17,119,3375,0,1,2,401,-0.4,3.1,3.3,419271,1109562,23.3,Milenković,9,5.1,5.5,2025,Nott'm Forest
575476,506,Murillo,Costa dos Santos,DEF,16,17,83,2130,1,0,3,333,-0.3,3.3,1.8,315788,868695,16.0,Murillo,6,5.2,5.5,2025,Nott'm Forest
159506,507,Ola,Aina,DEF,16,17,67,1587,0,2,5,264,-0.3,3.7,2.1,352773,1678500,14.3,Aina,6,4.7,5.0,2025,Nott'm Forest
215136,508,Neco,Williams,DEF,16,17,128,3203,2,3,15,531,-0.2,3.5,4.2,693564,1285030,26.7,N.Williams,9,4.8,5.0,2025,Nott'm Forest
451432,509,David,Mota Veiga Teixeira do Carmo,DEF,16,17,0,0,0,0,0,0,0.0,0.0,0.0,427,4435,0.0,David Carmo,0,4.5,4.5,2025,Nott'm Forest
575458,510,Jair,Paula da Cunha Filho,DEF,16,17,13,514,0,0,0,48,-0.3,1.4,0.1,4036,9128,3.1,Jair Cunha,0,4.2,4.5,2025,Nott'm Forest
485047,511,Felipe,Rodrigues da Silva,DEF,16,17,53,1340,1,0,1,190,-0.2,2.5,0.1,12654,14571,12.3,Morato,2,4.3,4.5,2025,Nott'm Forest
204822,512,Omar,Richards,DEF,16,17,0,0,0,0,0,0,0.0,0.0,0.0,345,4148,0.0,O.Richards,0,4.5,4.5,2025,Nott'm Forest
549067,513,Zach,Abbott,DEF,16,17,3,165,0,0,0,3,-0.2,1.0,0.2,30091,32960,0.8,Abbott,0,3.8,4.0,2025,Nott'm Forest
90585,514,Willy,Boly,DEF,16,17,0,0,0,0,0,0,-0.2,0.0,0.3,43827,70491,0.0,Boly,0,3.8,4.0,2025,Nott'm Forest
222531,515,Morgan,Gibbs-White,MID,16,17,188,3101,15,4,18,712,0.1,5.1,9.2,2632310,2094293,24.7,Gibbs-White,10,7.6,7.5,2025,Nott'm Forest
209046,516,Callum,Hudson-Odoi,MID,16,17,88,1838,3,4,8,358,-0.3,2.9,0.6,276638,358083,15.4,Hudson-Odoi,6,5.7,6.0,2025,Nott'm Forest
215379,517,Elliot,Anderson,MID,16,17,180,3332,4,5,16,795,0.2,4.7,9.4,2211347,1736050,31.6,Anderson,10,5.7,5.5,2025,Nott'm Forest
510500,518,João Pedro,Ferreira da Silva,MID,16,17,1,11,0,0,0,6,-0.1,1.0,0.0,1029,9175,0.2,Jota,0,5.4,5.5,2025,Nott'm Forest
250199,519,Nicolás,Domínguez,MID,16,17,48,1168,1,1,3,229,0.0,1.8,0.0,5792,4707,9.6,Dominguez,3,5.0,5.0,2025,Nott'm Forest
243345,520,Lewis,O'Brien,MID,16,17,0,0,0,0,0,0,0.0,0.0,0.0,0,118,0.0,O'Brien,0,5.0,5.0,2025,Nott'm Forest
210462,521,Ibrahim,Sangaré,MID,16,17,89,2073,2,2,2,366,-0.1,3.2,0.1,13218,15590,18.2,Sangaré,8,4.9,5.0,2025,Nott'm Forest
204968,522,Ryan,Yates,MID,16,17,30,602,0,2,0,123,-0.3,1.4,0.1,11094,19969,6.4,Yates,0,4.7,5.0,2025,Nott'm Forest
569014,523,Eric,da Silva Moreira,MID,16,17,0,0,0,0,0,0,0.0,0.0,0.1,3297,17285,0.0,Da Silva Moreira,0,4.5,4.5,2025,Nott'm Forest
495161,524,Marko,Stamenić,MID,16,17,0,0,0,0,0,0,0.0,0.0,0.0,245,5744,0.0,Stamenic,0,4.5,4.5,2025,Nott'm Forest
60689,525,Chris,Wood,FWD,16,17,41,896,3,0,4,145,-0.4,2.7,4.7,2172956,3411956,5.8,Wood,2,7.1,7.5,2025,Nott'm Forest
482973,526,Igor Jesus,Maciel da Cruz,FWD,16,17,114,2293,6,6,13,407,-0.1,3.1,2.4,705744,523077,19.3,Igor Jesus,9,5.9,6.0,2025,Nott'm Forest
210156,527,Taiwo,Awoniyi,FWD,16,17,43,480,4,2,4,170,-0.3,2.5,0.4,53287,100401,8.3,Awoniyi,1,5.2,5.5,2025,Nott'm Forest
456512,669,Dan,Ndoye,MID,16,17,50,1167,1,2,4,178,-0.5,2.1,0.7,545768,577065,9.1,Ndoye,2,5.5,6.0,2025,Nott'm Forest
107265,675,Angus,Gunn,GK,16,17,1,45,0,0,0,4,0.0,1.0,1.1,31459,105455,0.2,Gunn,0,4.0,4.0,2025,Nott'm Forest
503301,693,Omari,Hutchinson,MID,16,17,82,1676,1,7,3,329,-0.1,2.6,0.1,35116,30653,15.2,Hutchinson,6,5.4,5.5,2025,Nott'm Forest
465680,696,Arnaud,Kalimuendo,FWD,16,17,9,89,0,0,0,24,0.0,1.0,0.1,15291,18611,1.5,Kalimuendo,0,6.0,6.0,2025,Nott'm Forest
221389,715,John Victor,Maciel Furtado,GK,16,17,11,437,0,0,0,32,0.0,2.2,0.3,66562,53208,2.8,John,1,4.0,4.0,2025,Nott'm Forest
500151,716,Nicolò,Savona,DEF,16,17,39,1025,2,0,0,131,0.0,2.8,0.0,46825,45028,8.7,Savona,3,4.5,4.5,2025,Nott'm Forest
560441,729,Luis Eduardo,Soares da Silva,DEF,16,17,0,0,0,0,0,0,0.0,0.0,0.0,94,122,0.0,Cuiabano,0,4.5,4.5,2025,Nott'm Forest
476887,734,Dilane,Bakwa,MID,16,17,26,549,0,2,1,100,-0.1,1.9,0.0,5785,4869,4.4,Bakwa,2,5.9,6.0,2025,Nott'm Forest
469130,805,Lorenzo,Lucca,FWD,16,17,9,126,1,0,0,33,-0.2,2.2,0.0,6389,4938,1.7,Lucca,1,5.3,5.5,2025,Nott'm Forest
470315,814,Luca,Netz,DEF,16,17,11,353,0,0,0,33,0.0,1.6,0.0,960,485,2.4,Netz,0,4.5,4.5,2025,Nott'm Forest
568159,835,Archie,Whitehall,MID,16,17,0,0,0,0,0,0,0.0,0.0,0.0,80,29,0.0,Whitehall,0,4.5,4.5,2025,Nott'm Forest
590040,836,Jimmy,Sinclair,MID,16,17,0,0,0,0,0,0,0.0,0.0,0.0,64,21,0.0,Sinclair,0,4.5,4.5,2025,Nott'm Forest
687076,841,Lamin,Sillah,FWD,16,17,0,0,0,0,0,0,0.0,0.0,0.0,0,0,0.0,Sillah,0,4.5,4.5,2025,Nott'm Forest
232571,528,Anthony,Patterson,GK,17,56,0,0,0,0,0,0,-0.3,0.0,0.1,10565,35538,0.0,Patterson,0,4.2,4.5,2025,Sunderland
74854,529,Simon,Moore,GK,17,56,0,0,0,0,0,0,-0.1,0.0,0.3,19649,38714,0.0,Moore,0,3.9,4.0,2025,Sunderland
490000,530,Blondy,Nna Noukeu,GK,17,56,0,0,0,0,0,0,-0.1,0.0,0.1,7473,14415,0.0,Nna Noukeu,0,3.9,4.0,2025,Sunderland
223827,531,Daniel,Ballard,DEF,17,56,116,2144,2,2,9,340,0.1,4.0,2.4,1281765,1235665,25.2,Ballard,6,4.6,4.5,2025,Sunderland
487676,532,Trai,Hume,DEF,17,56,110,3032,2,1,6,383,0.0,2.9,0.3,89257,82911,24.4,Hume,9,4.5,4.5,2025,Sunderland
220684,533,Aji,Alese,DEF,17,56,0,0,0,0,0,0,0.0,0.0,0.0,611,878,0.0,Alese,0,4.0,4.0,2025,Sunderland
232820,534,Joe,Anderson,DEF,17,56,0,0,0,0,0,0,-0.2,0.0,0.3,39413,67642,0.0,Anderson,0,3.8,4.0,2025,Sunderland
461195,535,Dennis,Cirkin,DEF,17,56,14,319,0,0,0,43,0.0,1.8,0.0,8094,7897,3.5,Cirkin,1,4.0,4.0,2025,Sunderland
477547,536,Leo Fuhr,Hjelde,DEF,17,56,0,0,0,0,0,0,0.0,0.0,0.0,1255,1589,0.0,Hjelde,0,4.0,4.0,2025,Sunderland
492066,537,Niall,Huggins,DEF,17,56,0,0,0,0,0,0,0.0,0.0,0.1,1038,16354,0.0,Huggins,0,4.0,4.0,2025,Sunderland
514613,538,Zak,Johnson,DEF,17,56,0,0,0,0,0,0,-0.2,0.0,0.2,23261,34754,0.0,Johnson,0,3.8,4.0,2025,Sunderland
167512,539,Luke,O'Nien,DEF,17,56,26,565,0,1,1,90,0.0,2.2,0.1,12369,10074,6.5,O'Nien,2,4.0,4.0,2025,Sunderland
465702,540,Timothée,Pembélé,DEF,17,56,0,0,0,0,0,0,-0.1,0.0,0.3,47547,49617,0.0,Pembele,0,3.9,4.0,2025,Sunderland
434399,541,Reinildo,Mandava,DEF,17,56,74,1966,0,2,6,281,-0.2,3.0,3.0,677194,1104738,19.5,Reinildo,6,3.8,4.0,2025,Sunderland
519634,542,Jenson,Seelt,DEF,17,56,2,133,0,0,0,11,0.0,1.0,0.1,3016,25497,0.5,Seelt,0,4.0,4.0,2025,Sunderland
535818,543,Simon,Adingra,MID,17,56,34,649,1,1,3,81,-0.6,2.4,0.3,90681,232205,6.9,Adingra,4,4.9,5.5,2025,Sunderland
547027,544,Habib,Diarra,MID,17,56,65,1403,2,6,3,209,-0.2,3.2,0.1,32269,34239,12.3,Diarra,5,5.3,5.5,2025,Sunderland
124165,545,Patrick,Roberts,MID,17,56,1,27,0,0,0,4,-0.1,1.0,0.0,462,4093,0.2,Roberts,0,5.4,5.5,2025,Sunderland
626844,546,Milan,Aleksić,MID,17,56,0,0,0,0,0,0,-0.1,0.0,0.0,639,3608,0.0,Aleksić,0,4.9,5.0,2025,Sunderland
484420,547,Enzo,Le Fée,MID,17,56,147,2930,5,6,16,621,-0.2,4.1,1.6,549368,389625,30.6,E.Le Fée,10,4.8,5.0,2025,Sunderland
461199,548,Romaine,Mundle,MID,17,56,14,399,0,0,0,42,-0.1,1.0,0.0,1207,1749,2.9,Mundle,0,4.9,5.0,2025,Sunderland
223336,549,Dan,Neil,MID,17,56,3,13,0,0,0,10,-0.2,1.0,0.0,1972,4761,0.6,Neil,0,4.8,5.0,2025,Sunderland
215460,550,Ian,Poveda-Ocampo,MID,17,56,0,0,0,0,0,0,-0.3,0.0,0.0,1296,2954,0.0,Poveda,0,4.7,5.0,2025,Sunderland
554197,551,Chris,Rigg,MID,17,56,36,758,1,1,1,136,-0.3,2.0,0.1,11031,12270,7.7,Rigg,3,4.7,5.0,2025,Sunderland
577669,552,Noah,Sadiki,MID,17,56,80,2891,0,2,0,410,-0.1,2.4,0.1,13752,14212,16.3,Sadiki,9,4.9,5.0,2025,Sunderland
549912,553,Chemsdine,Talbi,MID,17,56,83,1553,4,2,6,248,-0.1,3.0,0.2,64558,75082,16.9,Talbi,7,4.9,5.0,2025,Sunderland
477851,554,Abdoullah,Ba,MID,17,56,0,0,0,0,0,0,-0.2,0.0,0.3,83617,84034,0.0,Ba,0,4.3,4.5,2025,Sunderland
171422,555,Alan,Browne,MID,17,56,0,0,0,0,0,0,0.0,0.0,0.0,1291,9904,0.0,Browne,0,4.5,4.5,2025,Sunderland
458297,556,Pierre,Ekwah Elimby,MID,17,56,0,0,0,0,0,0,0.0,0.0,0.0,0,1815,0.0,Ekwah,0,4.5,4.5,2025,Sunderland
547410,557,Harrison,Jones,MID,17,56,0,0,0,0,0,0,-0.2,0.0,0.1,9964,11755,0.0,H.Jones,0,4.3,4.5,2025,Sunderland
493837,558,Jay,Matete,MID,17,56,0,0,0,0,0,0,-0.2,0.0,0.2,30710,46727,0.0,Matete,0,4.3,4.5,2025,Sunderland
500696,559,Nectarios,Triantis,MID,17,56,0,0,0,0,0,0,-0.1,0.0,0.0,2951,8714,0.0,Triantis,0,4.4,4.5,2025,Sunderland
437505,560,Wilson,Isidor,FWD,17,56,74,1148,6,1,7,266,-0.5,2.3,1.3,997059,911419,14.8,Isidor,4,5.0,5.5,2025,Sunderland
564406,561,Eliezer,Mayenda Dossou,FWD,17,56,40,751,2,0,5,124,-0.4,2.0,0.5,273869,313817,7.8,Mayenda,3,5.1,5.5,2025,Sunderland
611975,562,Ahmed,Abdullahi,FWD,17,56,0,0,0,0,0,0,-0.3,0.0,0.4,72746,99514,0.0,Abdullahi,0,4.2,4.5,2025,Sunderland
551153,563,Luís Hemir,Silva Semedo,FWD,17,56,0,0,0,0,0,0,-0.1,0.0,0.1,5979,20562,0.0,Luís Hemir,0,4.4,4.5,2025,Sunderland
440955,564,Nazarii,Rusyn,FWD,17,56,0,0,0,0,0,0,-0.1,0.0,0.1,3530,20315,0.0,Rusyn,0,4.4,4.5,2025,Sunderland
84450,668,Granit,Xhaka,MID,17,56,124,2901,1,6,8,603,0.1,3.6,3.2,1416818,1412158,24.3,Xhaka,9,5.1,5.0,2025,Sunderland
498016,670,Robin,Roefs,GK,17,56,136,3150,0,0,12,573,0.3,3.9,8.0,2399656,1576736,28.3,Roefs,10,4.8,4.5,2025,Sunderland
105717,678,Arthur,Masuaku,DEF,17,56,1,125,0,0,0,4,-0.1,0.3,0.5,52353,85621,0.3,Masuaku,0,3.9,4.0,2025,Sunderland
201895,683,Omar,Alderete,DEF,17,56,125,2797,1,1,5,400,0.1,3.8,4.9,1741826,1278931,30.5,Alderete,10,4.1,3.9999999999999996,2025,Sunderland
200834,694,Nordi,Mukiele,DEF,17,56,151,2784,3,5,11,489,0.6,4.7,8.7,2943090,1921353,32.8,Mukiele,9,4.6,3.9999999999999996,2025,Sunderland
247955,724,Lutsharel,Geertruida,DEF,17,56,55,1681,0,0,0,231,0.0,2.0,0.1,11678,8582,12.2,Geertruida,3,4.5,4.5,2025,Sunderland
441264,730,Brian,Brobbey,FWD,17,56,92,1920,7,2,12,309,-0.2,3.0,0.9,473226,366108,17.4,Brobbey,6,5.3,5.5,2025,Sunderland
110504,735,Bertrand,Traoré,MID,17,56,30,634,1,1,1,118,0.0,2.5,0.0,14213,13480,5.5,Traoré,3,5.5,5.5,2025,Sunderland
232356,774,Jenson,Jones,DEF,17,56,0,0,0,0,0,0,0.0,0.0,0.0,2276,1559,0.0,Jenson Jones,0,4.0,4.0,2025,Sunderland
604211,775,Tymur,Tutierov,MID,17,56,0,0,0,0,0,0,0.0,0.0,0.0,160,145,0.0,Tutierov,0,4.5,4.5,2025,Sunderland
699989,800,Djiamgone Jocelin Ta,Bi,MID,17,56,1,38,0,0,0,4,-0.1,1.0,0.0,216,164,0.2,Jocelin.T,0,4.9,5.0,2025,Sunderland
515046,812,Melker,Ellborg,GK,17,56,16,270,0,0,3,62,0.0,5.3,0.1,27780,18770,4.0,Ellborg,1,4.0,4.0,2025,Sunderland
536661,813,Nilson,Angulo,MID,17,56,13,401,0,0,0,43,0.0,1.6,0.0,1192,942,2.6,Angulo,1,5.0,5.0,2025,Sunderland
570929,821,Jack,Whittaker,MID,17,56,0,0,0,0,0,0,0.0,0.0,0.0,298,141,0.0,Whittaker,0,4.5,4.5,2025,Sunderland
571087,822,Jaydon,Jones,MID,17,56,0,0,0,0,0,0,0.0,0.0,0.0,379,144,0.0,Jones,0,4.5,4.5,2025,Sunderland
184254,565,Guglielmo,Vicario,GK,18,6,90,2790,0,0,6,412,-0.3,2.9,4.7,1364134,1530718,19.1,Vicario,7,4.7,5.0,2025,Spurs
214572,566,Brandon,Austin,GK,18,6,0,0,0,0,0,0,-0.1,0.0,0.3,22434,27125,0.0,Austin,0,3.9,4.0,2025,Spurs
485055,567,Antonín,Kinský,GK,18,6,20,630,0,0,0,76,-0.1,2.9,1.9,199681,202233,5.1,Kinsky,2,3.9,4.0,2025,Spurs
441164,568,Pedro,Porro Sauceda,DEF,18,6,117,2793,1,3,8,502,-0.3,3.4,11.7,1941721,3159803,22.5,Pedro Porro,9,5.2,5.5,2025,Spurs
221632,569,Cristian,Romero,DEF,18,6,91,1869,4,1,10,305,0.0,4.0,2.9,1033163,1247346,18.2,Romero,5,5.0,5.0,2025,Spurs
135720,570,Kevin,Danso,DEF,18,6,63,1489,0,0,1,219,-0.3,2.6,0.2,31554,35107,15.0,Danso,4,4.2,4.5,2025,Spurs
115556,571,Ben,Davies,DEF,18,6,10,136,1,0,1,29,-0.2,3.3,0.1,4540,12248,2.3,Davies,0,4.3,4.5,2025,Spurs
493125,572,Radu,Drăgușin,DEF,18,6,17,515,0,0,0,34,0.0,1.7,0.0,4541,3632,3.8,Dragusin,0,4.5,4.5,2025,Spurs
232859,573,Djed,Spence,DEF,18,6,78,2049,0,0,3,271,-0.4,2.6,0.9,310378,373149,19.0,Spence,9,4.1,4.5,2025,Spurs
487053,574,Destiny,Udogie,DEF,18,6,29,1335,0,1,1,121,-0.2,1.4,0.3,56076,116830,6.7,Udogie,1,4.3,4.5,2025,Spurs
491279,575,Micky,van de Ven,DEF,18,6,116,3041,4,1,10,431,-0.1,3.3,17.6,3663747,4753594,26.4,Van de Ven,9,4.4,4.5,2025,Spurs
548308,576,Ashley,Phillips,DEF,18,6,0,0,0,0,0,0,0.0,0.0,0.0,0,2018,0.0,Phillips,0,4.0,4.0,2025,Spurs
553299,577,Takai,Kōta,DEF,18,6,0,0,0,0,0,0,0.0,0.0,0.0,1005,9209,0.0,Takai,0,4.0,4.0,2025,Spurs
610799,578,Luka,Vušković,DEF,18,6,0,0,0,0,0,0,-0.1,0.0,0.3,7334,92881,0.0,Vuskovic,0,3.9,4.0,2025,Spurs
85971,579,Son,Heung-min,MID,18,6,0,0,0,0,0,0,0.0,0.0,0.1,0,25651,0.0,Son,0,8.5,8.5,2025,Spurs
172780,581,James,Maddison,MID,18,6,3,34,0,0,0,5,-0.2,1.0,0.3,26746,27237,0.4,Maddison,0,6.8,7.0,2025,Spurs
460842,582,Mohammed,Kudus,MID,18,6,75,1535,2,6,7,257,-0.1,3.9,9.1,3264066,5233055,11.7,Kudus,7,6.4,6.5,2025,Spurs
445044,583,Dejan,Kulusevski,MID,18,6,0,0,0,0,0,0,-0.1,0.0,0.0,1397,2306,0.0,Kulusevski,0,6.4,6.5,2025,Spurs
511499,584,Mathys,Tel,MID,18,6,78,1334,4,2,7,266,-0.3,2.5,0.5,96405,53459,12.6,Tel,3,6.2,6.5,2025,Spurs
202993,585,Rodrigo,Bentancur,MID,18,6,86,1880,1,1,4,366,-0.3,3.3,0.2,61528,68767,16.5,Bentancur,8,5.2,5.5,2025,Spurs
570526,586,Lucas,Bergvall,MID,18,6,49,955,1,3,0,163,-0.3,2.1,0.2,105068,113224,9.4,Bergvall,3,5.2,5.5,2025,Spurs
227127,587,Yves,Bissouma,MID,18,6,17,600,0,0,0,99,-0.3,1.5,0.0,3806,15535,3.3,Bissouma,1,5.2,5.5,2025,Spurs
550839,588,Wilson,Odobert,MID,18,6,46,972,0,2,6,176,-0.2,1.9,0.0,16481,18697,8.7,Odobert,2,5.3,5.5,2025,Spurs
235674,589,Manor,Solomon,MID,18,6,0,0,0,0,0,0,-0.1,0.0,0.0,115,1483,0.0,Solomon,0,5.4,5.5,2025,Spurs
436234,590,Bryan,Gil Salvatierra,MID,18,6,0,0,0,0,0,0,-0.1,0.0,0.0,675,4517,0.0,Bryan,0,4.9,5.0,2025,Spurs
547701,591,Archie,Gray,MID,18,6,61,1471,2,2,6,237,-0.2,2.5,0.1,26083,30863,12.7,Gray,5,4.8,5.0,2025,Spurs
499721,592,Mikey,Moore,MID,18,6,0,0,0,0,0,0,0.0,0.0,0.0,0,689,0.0,Moore,0,5.0,5.0,2025,Spurs
482442,593,Pape Matar,Sarr,MID,18,6,71,1388,2,4,2,313,-0.5,2.7,1.0,418435,620573,15.8,P.M.Sarr,3,4.5,5.0,2025,Spurs
623095,594,Yang,Min-hyeok,MID,18,6,0,0,0,0,0,0,0.0,0.0,0.0,0,2838,0.0,Min-hyeok,0,4.5,4.5,2025,Spurs
499726,595,Callum,Olusesi,MID,18,6,1,14,0,0,0,3,-0.2,1.0,0.2,26162,32523,0.2,Olusesi,0,4.3,4.5,2025,Spurs
154566,596,Dominic,Solanke-Mitchell,FWD,18,6,40,997,3,0,4,187,-0.4,2.7,1.1,287630,674667,5.6,Solanke,0,7.1,7.5,2025,Spurs
212319,597,Richarlison,de Andrade,FWD,18,6,119,1954,11,4,17,505,0.0,3.7,8.7,3496546,3143422,18.3,Richarlison,7,6.5,6.5,2025,Spurs
552427,598,Will,Lankshear,FWD,18,6,0,0,0,0,0,0,0.0,0.0,0.0,0,5159,0.0,Lankshear,0,4.5,4.5,2025,Spurs
490145,599,Dane,Scarlett,FWD,18,6,2,7,0,0,0,5,-0.2,1.0,0.5,60820,113104,0.5,Scarlett,0,4.3,4.5,2025,Spurs
154296,673,João Maria,Lobo Alves Palhares Costa Palhinha Gonçalves,MID,18,6,126,2192,5,3,17,518,0.0,3.8,0.9,397911,375777,22.9,J.Palhinha,5,5.5,5.5,2025,Spurs
493362,717,Xavi,Simons,MID,18,6,80,1747,2,5,7,345,-0.7,2.9,1.1,1067756,994992,12.7,Xavi,4,6.3,7.0,2025,Spurs
247693,726,Randal,Kolo Muani,FWD,18,6,52,1655,1,1,1,150,-0.1,1.7,0.4,152124,134072,7.5,Kolo Muani,4,6.9,7.0,2025,Spurs
640419,745,Jun'ai,Byfield,DEF,18,6,1,1,0,0,0,3,0.0,1.0,0.0,2298,2402,0.2,Byfield,0,4.0,4.0,2025,Spurs
499716,750,James,Rowswell,DEF,18,6,1,1,0,0,0,3,0.0,1.0,0.0,2125,1980,0.2,Rowswell,0,4.0,4.0,2025,Spurs
590035,751,Yusuf,Akhamrich,MID,18,6,0,0,0,0,0,0,0.0,0.0,0.0,675,664,0.0,Akhamrich,0,4.5,4.5,2025,Spurs
611917,790,Lucá,Williams-Barnett,MID,18,6,0,0,0,0,0,0,0.0,0.0,0.0,1083,618,0.0,Williams-Barnett,0,4.5,4.5,2025,Spurs
232787,796,Conor,Gallagher,MID,18,6,44,1183,1,1,3,211,-0.5,2.8,0.2,65366,35089,8.8,Gallagher,2,5.0,5.5,2025,Spurs
616221,804,João Victor,de Souza Menezes,DEF,18,6,3,142,0,0,0,0,0.0,0.8,0.0,2903,1793,0.8,Souza,0,4.0,4.0,2025,Spurs
536134,811,Rio,Kyerematen,MID,18,6,0,0,0,0,0,0,0.0,0.0,0.0,600,334,0.0,Kyerematen,0,4.5,4.5,2025,Spurs
613232,818,James,Wilson,FWD,18,6,0,0,0,0,0,0,0.0,0.0,0.0,6566,3228,0.0,Wilson,0,4.5,4.5,2025,Spurs
159533,326,Adama,Traoré Diarra,MID,19,21,25,376,0,0,0,74,-0.4,1.0,0.1,18094,39430,4.9,Adama,0,5.1,5.5,2025,West Ham
84182,600,Alphonse,Areola,GK,19,21,51,1800,0,1,2,220,-0.3,2.5,1.9,195408,488161,12.1,Areola,0,4.2,4.5,2025,West Ham
82143,601,Wes,Foderingham,GK,19,21,0,0,0,0,0,0,0.0,0.0,0.2,3874,43698,0.0,Foderingham,0,4.0,4.0,2025,West Ham
483364,602,Krisztián,Hegyi,GK,19,21,0,0,0,0,0,0,-0.1,0.0,0.2,11331,22009,0.0,Hegyi,0,3.9,4.0,2025,West Ham
613804,603,El Hadji Malick,Diouf,DEF,19,21,104,2706,0,6,3,381,-0.4,3.2,2.4,479876,980288,25.4,Diouf,9,4.1,4.5,2025,West Ham
109533,604,Emerson,Palmieri dos Santos,DEF,19,21,0,0,0,0,0,0,-0.1,0.0,0.0,1719,20861,0.0,Emerson,0,4.4,4.5,2025,West Ham
214048,605,Maximilian,Kilman,DEF,19,21,36,1559,0,0,0,80,-0.5,1.7,0.1,30991,52505,9.0,Kilman,1,4.0,4.5,2025,West Ham
233963,606,Konstantinos,Mavropanos,DEF,19,21,122,2532,3,0,5,386,0.0,3.9,2.6,460159,129536,27.1,Mavropanos,6,4.5,4.5,2025,West Ham
210494,607,Nayef,Aguerd,DEF,19,21,3,180,0,0,0,-1,-0.1,1.5,0.0,1288,12380,0.7,N.Aguerd,0,4.4,4.5,2025,West Ham
536109,608,Ollie,Scarles,DEF,19,21,21,656,0,1,0,88,-0.2,1.6,0.0,5219,7385,4.9,Scarles,0,4.3,4.5,2025,West Ham
462116,609,Jean-Clair,Todibo,DEF,19,21,46,1817,0,1,1,160,-0.2,2.0,0.1,13494,21090,10.7,Todibo,1,4.3,4.5,2025,West Ham
214590,610,Aaron,Wan-Bissaka,DEF,19,21,67,2080,0,3,0,203,-0.4,2.7,4.3,300045,2376588,16.3,Wan-Bissaka,3,4.1,4.5,2025,West Ham
518438,611,Kaelan,Casey,DEF,19,21,0,0,0,0,0,0,0.0,0.0,0.1,0,13500,0.0,Casey,0,4.0,4.0,2025,West Ham
224024,612,Lucas,Tolentino Coelho de Lima,MID,19,21,69,1513,4,2,8,291,-0.1,3.8,1.0,897173,978768,11.7,L.Paquetá,3,5.9,6.0,2025,West Ham
215439,613,Tomáš,Souček,MID,19,21,103,2190,5,2,9,428,-0.3,2.9,0.5,82768,127580,18.1,Souček,7,5.7,6.0,2025,West Ham
450070,615,Crysencio,Summerville,MID,19,21,110,2470,5,4,10,412,-0.1,3.5,1.6,671253,475650,20.4,Summerville,8,5.4,5.5,2025,West Ham
213999,616,Edson,Álvarez Velázquez,MID,19,21,0,0,0,0,0,0,-0.1,0.0,0.0,1147,16150,0.0,Álvarez,0,4.9,5.0,2025,West Ham
149519,617,Maxwel,Cornet,MID,19,21,0,0,0,0,0,0,-0.1,0.0,0.0,246,3237,0.0,Cornet,0,4.9,5.0,2025,West Ham
197024,618,Guido,Rodríguez,MID,19,21,8,175,0,0,0,30,-0.2,1.3,0.0,2295,6270,1.7,G.Rodriguez,1,4.8,5.0,2025,West Ham
577114,619,Luis Guilherme,Lira dos Santos,MID,19,21,5,121,0,0,0,11,-0.1,1.0,0.0,868,3450,1.0,L.Guilherme,0,4.9,5.0,2025,West Ham
490885,620,George,Earthy,MID,19,21,1,8,0,0,0,3,0.0,1.0,0.0,3770,9682,0.2,Earthy,0,4.5,4.5,2025,West Ham
229384,621,Andy,Irving,MID,19,21,9,156,0,0,0,49,-0.2,1.3,0.2,43311,57528,2.1,Irving,0,4.3,4.5,2025,West Ham
518442,622,Lewis,Orford,MID,19,21,0,0,0,0,0,0,-0.1,0.0,0.1,1052,12054,0.0,Orford,0,4.4,4.5,2025,West Ham
490142,623,Freddie,Potts,MID,19,21,37,1162,0,1,0,215,-0.2,1.7,0.5,151269,178199,8.6,Potts,1,4.3,4.5,2025,West Ham
178186,624,Jarrod,Bowen,FWD,19,21,187,3406,9,13,28,731,-0.2,4.9,17.5,4517725,4109146,24.0,Bowen,8,7.8,8.0,2025,West Ham
91889,625,Niclas,Füllkrug,FWD,19,21,12,407,0,0,0,28,-0.4,1.5,0.6,47611,393446,2.1,Füllkrug,1,5.6,6.0,2025,West Ham
565431,626,Callum,Marshall,FWD,19,21,2,58,0,0,0,0,-0.2,1.0,0.5,63604,108749,0.5,Marshall,0,4.3,4.5,2025,West Ham
158534,659,Kyle,Walker-Peters,DEF,19,21,53,1378,1,0,0,219,-0.3,2.3,0.3,39154,58832,12.6,Walker-Peters,4,4.2,4.5,2025,West Ham
75115,671,Callum,Wilson,FWD,19,21,80,1234,7,2,7,296,-0.2,2.5,0.6,218506,226058,13.8,Wilson,1,5.8,6.0,2025,West Ham
467189,679,Mads,Hermansen,GK,19,21,76,1620,0,1,8,282,-0.3,4.2,1.0,160951,77084,18.1,Hermansen,7,4.2,4.5,2025,West Ham
551226,708,Mateus Gonçalo,Espanha Fernandes,MID,19,21,135,3017,3,4,7,659,0.0,3.8,0.6,177675,105524,24.5,M.Fernandes,8,5.5,5.5,2025,West Ham
564940,718,Soungoutou,Magassa,MID,19,21,42,971,1,0,2,185,0.0,1.9,0.0,5660,5281,8.4,S.Magassa,2,5.0,5.0,2025,West Ham
37096,738,Lukasz,Fabianski,GK,19,21,0,0,0,0,0,0,0.0,0.0,0.0,8920,6586,0.0,Fabianski,0,4.5,4.5,2025,West Ham
602903,747,Ezra,Mayers,DEF,19,21,6,113,0,0,0,18,0.0,1.0,0.0,3005,2657,1.5,Mayers,0,4.0,4.0,2025,West Ham
643473,752,Airidas,Golambeckis,DEF,19,21,0,0,0,0,0,0,0.0,0.0,0.0,2885,2514,0.0,Golambeckis,0,4.0,4.0,2025,West Ham
630699,758,Mohamadou,Kanté,MID,19,21,9,67,0,0,0,29,0.0,0.8,0.0,2553,1680,2.0,Mohamadou Kanté,0,4.5,4.5,2025,West Ham
530335,785,Pablo Felipe,Pereira de Jesus,FWD,19,21,26,819,0,1,0,102,-0.1,1.9,0.0,7342,5527,4.8,Pablo,3,5.4,5.5,2025,West Ham
247670,791,Valentín,Castellanos,FWD,19,21,61,1384,6,1,5,243,0.0,3.4,0.3,85487,43766,11.1,Taty,9,5.5,5.5,2025,West Ham
572702,802,Keiber,Lamadrid,MID,19,21,0,0,0,0,0,0,0.0,0.0,0.0,733,558,0.0,Lamadrid,0,5.0,5.0,2025,West Ham
220362,815,Axel,Disasi,DEF,19,21,49,1254,0,0,1,186,0.0,3.5,0.2,41500,18529,10.9,Disasi,6,4.5,4.5,2025,West Ham
553742,825,Finlay,Herrick,GK,19,21,0,0,0,0,0,0,0.0,0.0,0.0,488,198,0.0,Herrick,0,4.0,4.0,2025,West Ham
101982,627,Sam,Johnstone,GK,20,39,21,1080,0,0,0,117,-0.1,1.8,0.1,21265,27220,4.8,Johnstone,0,4.4,4.5,2025,Wolves
149065,628,José,Malheiro de Sá,GK,20,39,68,2070,0,0,8,303,-0.3,3.0,1.1,132847,228864,16.2,José Sá,4,4.2,4.5,2025,Wolves
79602,629,Daniel,Bentley,GK,20,39,6,270,0,0,0,24,-0.1,2.0,0.5,28036,58934,1.5,Bentley,0,3.9,4.0,2025,Wolves
516939,631,Emmanuel,Agbadou,DEF,20,39,23,1100,0,0,0,86,-0.3,1.6,0.1,24605,63793,5.5,Agbadou,0,4.2,4.5,2025,Wolves
87835,632,Matt,Doherty,DEF,20,39,14,786,0,0,0,59,-0.1,1.3,0.1,7251,21656,3.2,Doherty,1,4.4,4.5,2025,Wolves
490721,633,Hugo,Bueno López,DEF,20,39,83,2359,1,3,4,325,-0.2,2.4,0.2,64784,56092,19.3,H.Bueno,4,4.3,4.5,2025,Wolves
501837,634,Yerson,Mosquera Valdelamar,DEF,20,39,61,2137,0,0,3,209,-0.2,2.3,0.1,21555,20392,14.2,Mosquera,4,4.3,4.5,2025,Wolves
483081,635,Rodrigo,Martins Gomes,DEF,20,39,48,954,3,0,0,100,-0.1,2.2,0.1,16308,18939,10.9,R.Gomes,1,4.4,4.5,2025,Wolves
231480,636,Santiago,Ignacio Bueno,DEF,20,39,92,2552,3,2,4,310,-0.1,3.2,0.2,51349,37995,20.9,S.Bueno,4,4.4,4.5,2025,Wolves
510362,637,Toti,Gomes,DEF,20,39,41,1423,0,0,0,140,-0.3,2.2,0.1,9596,21384,9.8,Toti,1,4.2,4.5,2025,Wolves
441271,638,Ki-Jana,Hoever,DEF,20,39,10,423,0,0,0,38,-0.2,1.2,0.8,121813,273694,2.6,Hoever,0,3.8,4.0,2025,Wolves
560248,639,Bastien,Meupiyou Menadjou,DEF,20,39,0,0,0,0,0,0,0.0,0.0,0.0,0,910,0.0,Meupiyou,0,4.0,4.0,2025,Wolves
641221,640,Pedro,Cardoso de Lima,DEF,20,39,10,257,0,0,0,18,0.0,1.1,0.4,11992,91788,2.5,Pedro Lima,0,4.0,4.0,2025,Wolves
517179,641,Alfie,Pond,DEF,20,39,0,0,0,0,0,0,-0.1,0.0,0.9,85684,154609,0.0,Pond,0,3.9,4.0,2025,Wolves
184754,642,Hwang,Hee-chan,MID,20,39,54,1439,2,2,0,165,-0.4,2.1,0.1,55545,62652,9.6,Hee Chan,2,5.6,6.0,2025,Wolves
509291,643,André,Trindade da Costa Neto,MID,20,39,96,2760,1,0,4,473,-0.3,2.7,0.1,27721,28201,18.5,André,2,5.2,5.5,2025,Wolves
231057,644,Jean-Ricner,Bellegarde,MID,20,39,44,1239,1,1,0,208,-0.4,1.7,0.0,7632,13799,8.6,Bellegarde,3,5.1,5.5,2025,Wolves
643135,645,Fer,López González,MID,20,39,12,228,0,1,0,38,-0.4,1.3,0.0,1383,5009,2.4,Fer López,0,5.1,5.5,2025,Wolves
448089,646,João Victor,Gomes da Silva,MID,20,39,107,2829,1,2,6,529,-0.2,3.1,0.3,112107,94086,20.2,J.Gomes,4,5.3,5.5,2025,Wolves
181284,647,Gonçalo Manuel,Ganchinho Guedes,MID,20,39,0,0,0,0,0,0,0.0,0.0,0.0,0,796,0.0,Guedes,0,5.5,5.5,2025,Wolves
433312,648,Marshall,Munetsi,MID,20,39,38,872,1,2,1,131,-0.2,2.9,0.0,19177,23262,7.2,Munetsi,0,5.3,5.5,2025,Wolves
476502,649,Boubacar,Traoré,MID,20,39,0,0,0,0,0,0,0.0,0.0,0.0,0,162,0.0,B.Traore,0,5.0,5.0,2025,Wolves
497606,650,Tawanda,Chirewa,MID,20,39,2,25,0,0,0,4,-0.2,1.0,0.2,30885,49783,0.5,Chirewa,0,4.3,4.5,2025,Wolves
596054,651,Tom,Edozie,MID,20,39,8,12,1,0,0,27,-0.2,2.7,0.4,69199,76952,1.9,Edozie,0,4.3,4.5,2025,Wolves
593001,652,Enso,González Medina,MID,20,39,0,0,0,0,0,0,-0.2,0.0,1.2,205729,259180,0.0,Gonzalez,0,4.3,4.5,2025,Wolves
240299,653,Joe,Hodge,MID,20,39,0,0,0,0,0,0,0.0,0.0,0.0,0,5836,0.0,Hodge,0,4.5,4.5,2025,Wolves
449988,655,Fábio,Soares Silva,FWD,20,39,0,0,0,0,0,0,-0.1,0.0,0.2,7178,55563,0.0,Fábio Silva,0,4.9,5.0,2025,Wolves
429414,656,Saša,Kalajdžić,FWD,20,39,1,14,0,0,0,1,-0.1,1.0,0.0,1691,10197,0.2,Kalajdžić,0,4.9,5.0,2025,Wolves
589507,657,Leon,Chiwome,FWD,20,39,0,0,0,0,0,0,-0.1,0.0,0.0,6702,8591,0.0,Chiwome,0,4.4,4.5,2025,Wolves
531363,658,Nathan,Fraser,FWD,20,39,0,0,0,0,0,0,-0.3,0.0,1.7,289423,391342,0.0,Fraser,0,4.2,4.5,2025,Wolves
230376,663,Jhon,Arias,MID,20,39,45,1117,1,0,2,175,-0.6,2.0,0.1,20148,82652,9.2,J.Arias,2,4.9,5.5,2025,Wolves
497949,682,David,Møller Wolfe,DEF,20,39,35,1042,0,2,0,78,-0.3,1.6,0.1,5336,9939,8.3,Møller Wolfe,1,4.2,4.5,2025,Wolves
523705,695,Jackson,Tchatchoua,DEF,20,39,52,1834,0,1,0,156,-0.1,1.7,0.0,7363,7204,11.8,Tchatchoua,3,4.4,4.5,2025,Wolves
431248,709,Ladislav,Krejcí,DEF,20,39,68,2356,2,2,1,235,0.0,2.4,0.1,29151,24301,15.1,Krejčí,3,4.5,4.5,2025,Wolves
488213,720,Tolu,Arokodare,FWD,20,39,66,1402,3,2,4,221,-0.4,2.0,0.1,70444,60714,12.9,Tolu,3,5.1,5.5,2025,Wolves
647671,749,Mateus,Mané,FWD,20,39,74,1787,3,2,9,314,-0.3,2.7,1.4,643247,474157,17.6,Mané,5,4.2,4.5,2025,Wolves
601956,766,Saheed,Olagunju,DEF,20,39,0,0,0,0,0,0,0.0,0.0,0.0,6185,3286,0.0,Olagunju,0,4.0,4.0,2025,Wolves
605319,767,Luke,Rawlings,MID,20,39,0,0,0,0,0,0,0.0,0.0,0.0,1446,1038,0.0,Rawlings,0,4.5,4.5,2025,Wolves
514362,777,Temple,Ojinnaka,MID,20,39,0,0,0,0,0,0,0.0,0.0,0.0,415,374,0.0,Ojinnaka,0,4.5,4.5,2025,Wolves
589121,778,Ethan,Sutherland,MID,20,39,0,0,0,0,0,0,0.0,0.0,0.0,1815,1232,0.0,Sutherland,0,4.5,4.5,2025,Wolves
685628,809,Jerome,Abbey,MID,20,39,1,16,0,0,0,2,0.0,1.0,0.0,2908,1485,0.2,Abbey,0,4.5,4.5,2025,Wolves
209041,816,Angel,Gomes,MID,20,39,16,457,0,0,0,78,-0.4,1.3,0.0,5982,4320,3.5,Angel,1,4.6,5.0,2025,Wolves
155511,817,Adam,Armstrong,FWD,20,39,39,1141,2,2,1,129,-0.4,2.8,0.1,27800,21229,7.6,Armstrong,3,5.1,5.5,2025,Wolves
491460,828,Alfie,Brooks,GK,20,39,0,0,0,0,0,0,0.0,0.0,0.0,790,282,0.0,Brooks,0,4.0,4.0,2025,Wolves
627888,831,Josh,Gracey,GK,20,39,0,0,0,0,0,0,0.0,0.0,0.0,827,129,0.0,Gracey,0,4.0,4.0,2025,Wolves
